DATAFLOW,LAST UPDATE,freq,unit,sex,age,icd10,geo,TIME_PERIOD,OBS_VALUE,OBS_FLAG,CONF_STATUS
ESTAT:HLTH_CD_ASDR2(1.0),21/03/25 11:00:00,A,RT,F,TOTAL,C50,AT,2011,32.34,,
ESTAT:HLTH_CD_ASDR2(1.0),21/03/25 11:00:00,A,RT,F,TOTAL,C50,AT,2012,32.79,,
ESTAT:HLTH_CD_ASDR2(1.0),21/03/25 11:00:00,A,RT,F,TOTAL,C50,AT,2013,33.52,,
ESTAT:HLTH_CD_ASDR2(1.0),21/03/25 11:00:00,A,RT,F,TOTAL,C50,AT,2014,32.4,,
ESTAT:HLTH_CD_ASDR2(1.0),21/03/25 11:00:00,A,RT,F,TOTAL,C50,AT,2015,32.5,,
ESTAT:HLTH_CD_ASDR2(1.0),21/03/25 11:00:00,A,RT,F,TOTAL,C50,AT,2016,32.43,,
ESTAT:HLTH_CD_ASDR2(1.0),21/03/25 11:00:00,A,RT,F,TOTAL,C50,AT,2017,31.56,,
ESTAT:HLTH_CD_ASDR2(1.0),21/03/25 11:00:00,A,RT,F,TOTAL,C50,AT,2018,32.34,,
ESTAT:HLTH_CD_ASDR2(1.0),21/03/25 11:00:00,A,RT,F,TOTAL,C50,AT,2019,32.09,,
ESTAT:HLTH_CD_ASDR2(1.0),21/03/25 11:00:00,A,RT,F,TOTAL,C50,AT,2020,31.73,,
ESTAT:HLTH_CD_ASDR2(1.0),21/03/25 11:00:00,A,RT,F,TOTAL,C50,AT,2021,31.08,,
ESTAT:HLTH_CD_ASDR2(1.0),21/03/25 11:00:00,A,RT,F,TOTAL,C50,BE,2011,41.29,,
ESTAT:HLTH_CD_ASDR2(1.0),21/03/25 11:00:00,A,RT,F,TOTAL,C50,BE,2012,39.02,,
ESTAT:HLTH_CD_ASDR2(1.0),21/03/25 11:00:00,A,RT,F,TOTAL,C50,BE,2013,38.75,,
ESTAT:HLTH_CD_ASDR2(1.0),21/03/25 11:00:00,A,RT,F,TOTAL,C50,BE,2014,37.04,,
ESTAT:HLTH_CD_ASDR2(1.0),21/03/25 11:00:00,A,RT,F,TOTAL,C50,BE,2015,35.23,,
ESTAT:HLTH_CD_ASDR2(1.0),21/03/25 11:00:00,A,RT,F,TOTAL,C50,BE,2016,35.8,,
ESTAT:HLTH_CD_ASDR2(1.0),21/03/25 11:00:00,A,RT,F,TOTAL,C50,BE,2017,34.65,,
ESTAT:HLTH_CD_ASDR2(1.0),21/03/25 11:00:00,A,RT,F,TOTAL,C50,BE,2018,34.8,,
ESTAT:HLTH_CD_ASDR2(1.0),21/03/25 11:00:00,A,RT,F,TOTAL,C50,BE,2019,31.73,,
ESTAT:HLTH_CD_ASDR2(1.0),21/03/25 11:00:00,A,RT,F,TOTAL,C50,BE,2020,31.52,,
ESTAT:HLTH_CD_ASDR2(1.0),21/03/25 11:00:00,A,RT,F,TOTAL,C50,BE,2021,30.77,,
ESTAT:HLTH_CD_ASDR2(1.0),21/03/25 11:00:00,A,RT,F,TOTAL,C50,BG,2011,31.57,,
ESTAT:HLTH_CD_ASDR2(1.0),21/03/25 11:00:00,A,RT,F,TOTAL,C50,BG,2012,33.57,,
ESTAT:HLTH_CD_ASDR2(1.0),21/03/25 11:00:00,A,RT,F,TOTAL,C50,BG,2013,30.63,,
ESTAT:HLTH_CD_ASDR2(1.0),21/03/25 11:00:00,A,RT,F,TOTAL,C50,BG,2014,32.72,,
ESTAT:HLTH_CD_ASDR2(1.0),21/03/25 11:00:00,A,RT,F,TOTAL,C50,BG,2015,31.85,,
ESTAT:HLTH_CD_ASDR2(1.0),21/03/25 11:00:00,A,RT,F,TOTAL,C50,BG,2016,30.61,,
ESTAT:HLTH_CD_ASDR2(1.0),21/03/25 11:00:00,A,RT,F,TOTAL,C50,BG,2017,29.3,,
ESTAT:HLTH_CD_ASDR2(1.0),21/03/25 11:00:00,A,RT,F,TOTAL,C50,BG,2018,29.26,,
ESTAT:HLTH_CD_ASDR2(1.0),21/03/25 11:00:00,A,RT,F,TOTAL,C50,BG,2019,31.31,,
ESTAT:HLTH_CD_ASDR2(1.0),21/03/25 11:00:00,A,RT,F,TOTAL,C50,BG,2020,32.88,,
ESTAT:HLTH_CD_ASDR2(1.0),21/03/25 11:00:00,A,RT,F,TOTAL,C50,BG,2021,30.07,,
ESTAT:HLTH_CD_ASDR2(1.0),21/03/25 11:00:00,A,RT,F,TOTAL,C50,CH,2011,33.6,,
ESTAT:HLTH_CD_ASDR2(1.0),21/03/25 11:00:00,A,RT,F,TOTAL,C50,CH,2012,32.74,,
ESTAT:HLTH_CD_ASDR2(1.0),21/03/25 11:00:00,A,RT,F,TOTAL,C50,CH,2013,31.35,,
ESTAT:HLTH_CD_ASDR2(1.0),21/03/25 11:00:00,A,RT,F,TOTAL,C50,CH,2014,31.05,,
ESTAT:HLTH_CD_ASDR2(1.0),21/03/25 11:00:00,A,RT,F,TOTAL,C50,CH,2015,32.5,,
ESTAT:HLTH_CD_ASDR2(1.0),21/03/25 11:00:00,A,RT,F,TOTAL,C50,CH,2016,31.33,,
ESTAT:HLTH_CD_ASDR2(1.0),21/03/25 11:00:00,A,RT,F,TOTAL,C50,CH,2017,29.52,,
ESTAT:HLTH_CD_ASDR2(1.0),21/03/25 11:00:00,A,RT,F,TOTAL,C50,CH,2018,30.24,,
ESTAT:HLTH_CD_ASDR2(1.0),21/03/25 11:00:00,A,RT,F,TOTAL,C50,CH,2019,29.72,,
ESTAT:HLTH_CD_ASDR2(1.0),21/03/25 11:00:00,A,RT,F,TOTAL,C50,CH,2020,27.14,,
ESTAT:HLTH_CD_ASDR2(1.0),21/03/25 11:00:00,A,RT,F,TOTAL,C50,CH,2021,27.69,,
ESTAT:HLTH_CD_ASDR2(1.0),21/03/25 11:00:00,A,RT,F,TOTAL,C50,CY,2011,32.28,,
ESTAT:HLTH_CD_ASDR2(1.0),21/03/25 11:00:00,A,RT,F,TOTAL,C50,CY,2012,31.14,,
ESTAT:HLTH_CD_ASDR2(1.0),21/03/25 11:00:00,A,RT,F,TOTAL,C50,CY,2013,30.49,,
ESTAT:HLTH_CD_ASDR2(1.0),21/03/25 11:00:00,A,RT,F,TOTAL,C50,CY,2014,26.62,,
ESTAT:HLTH_CD_ASDR2(1.0),21/03/25 11:00:00,A,RT,F,TOTAL,C50,CY,2015,30.96,,
ESTAT:HLTH_CD_ASDR2(1.0),21/03/25 11:00:00,A,RT,F,TOTAL,C50,CY,2016,29.42,,
ESTAT:HLTH_CD_ASDR2(1.0),21/03/25 11:00:00,A,RT,F,TOTAL,C50,CY,2017,33.44,,
ESTAT:HLTH_CD_ASDR2(1.0),21/03/25 11:00:00,A,RT,F,TOTAL,C50,CY,2018,32.53,,
ESTAT:HLTH_CD_ASDR2(1.0),21/03/25 11:00:00,A,RT,F,TOTAL,C50,CY,2019,32.65,,
ESTAT:HLTH_CD_ASDR2(1.0),21/03/25 11:00:00,A,RT,F,TOTAL,C50,CY,2020,29.47,,
ESTAT:HLTH_CD_ASDR2(1.0),21/03/25 11:00:00,A,RT,F,TOTAL,C50,CY,2021,36.56,,
ESTAT:HLTH_CD_ASDR2(1.0),21/03/25 11:00:00,A,RT,F,TOTAL,C50,CZ,2011,33.07,,
ESTAT:HLTH_CD_ASDR2(1.0),21/03/25 11:00:00,A,RT,F,TOTAL,C50,CZ,2012,31.36,,
ESTAT:HLTH_CD_ASDR2(1.0),21/03/25 11:00:00,A,RT,F,TOTAL,C50,CZ,2013,31.79,,
ESTAT:HLTH_CD_ASDR2(1.0),21/03/25 11:00:00,A,RT,F,TOTAL,C50,CZ,2014,29.09,,
ESTAT:HLTH_CD_ASDR2(1.0),21/03/25 11:00:00,A,RT,F,TOTAL,C50,CZ,2015,29.03,,
ESTAT:HLTH_CD_ASDR2(1.0),21/03/25 11:00:00,A,RT,F,TOTAL,C50,CZ,2016,30.08,,
ESTAT:HLTH_CD_ASDR2(1.0),21/03/25 11:00:00,A,RT,F,TOTAL,C50,CZ,2017,28.48,,
ESTAT:HLTH_CD_ASDR2(1.0),21/03/25 11:00:00,A,RT,F,TOTAL,C50,CZ,2018,28.13,,
ESTAT:HLTH_CD_ASDR2(1.0),21/03/25 11:00:00,A,RT,F,TOTAL,C50,CZ,2019,29.65,,
ESTAT:HLTH_CD_ASDR2(1.0),21/03/25 11:00:00,A,RT,F,TOTAL,C50,CZ,2020,29.13,,
ESTAT:HLTH_CD_ASDR2(1.0),21/03/25 11:00:00,A,RT,F,TOTAL,C50,CZ,2021,30.13,,
ESTAT:HLTH_CD_ASDR2(1.0),21/03/25 11:00:00,A,RT,F,TOTAL,C50,DE,2011,37.35,,
ESTAT:HLTH_CD_ASDR2(1.0),21/03/25 11:00:00,A,RT,F,TOTAL,C50,DE,2012,36.71,,
ESTAT:HLTH_CD_ASDR2(1.0),21/03/25 11:00:00,A,RT,F,TOTAL,C50,DE,2013,36.5,,
ESTAT:HLTH_CD_ASDR2(1.0),21/03/25 11:00:00,A,RT,F,TOTAL,C50,DE,2014,35.59,,
ESTAT:HLTH_CD_ASDR2(1.0),21/03/25 11:00:00,A,RT,F,TOTAL,C50,DE,2015,35.94,,
ESTAT:HLTH_CD_ASDR2(1.0),21/03/25 11:00:00,A,RT,F,TOTAL,C50,DE,2016,36.47,,
ESTAT:HLTH_CD_ASDR2(1.0),21/03/25 11:00:00,A,RT,F,TOTAL,C50,DE,2017,35.65,,
ESTAT:HLTH_CD_ASDR2(1.0),21/03/25 11:00:00,A,RT,F,TOTAL,C50,DE,2018,35.63,,
ESTAT:HLTH_CD_ASDR2(1.0),21/03/25 11:00:00,A,RT,F,TOTAL,C50,DE,2019,34.99,,
ESTAT:HLTH_CD_ASDR2(1.0),21/03/25 11:00:00,A,RT,F,TOTAL,C50,DE,2020,34.4,,
ESTAT:HLTH_CD_ASDR2(1.0),21/03/25 11:00:00,A,RT,F,TOTAL,C50,DE,2021,34.09,,
ESTAT:HLTH_CD_ASDR2(1.0),21/03/25 11:00:00,A,RT,F,TOTAL,C50,DK,2011,44.11,,
ESTAT:HLTH_CD_ASDR2(1.0),21/03/25 11:00:00,A,RT,F,TOTAL,C50,DK,2012,41.02,,
ESTAT:HLTH_CD_ASDR2(1.0),21/03/25 11:00:00,A,RT,F,TOTAL,C50,DK,2013,38.45,,
ESTAT:HLTH_CD_ASDR2(1.0),21/03/25 11:00:00,A,RT,F,TOTAL,C50,DK,2014,39.67,,
ESTAT:HLTH_CD_ASDR2(1.0),21/03/25 11:00:00,A,RT,F,TOTAL,C50,DK,2015,36.64,,
ESTAT:HLTH_CD_ASDR2(1.0),21/03/25 11:00:00,A,RT,F,TOTAL,C50,DK,2016,37.63,,
ESTAT:HLTH_CD_ASDR2(1.0),21/03/25 11:00:00,A,RT,F,TOTAL,C50,DK,2017,36.89,,
ESTAT:HLTH_CD_ASDR2(1.0),21/03/25 11:00:00,A,RT,F,TOTAL,C50,DK,2018,34.97,,
ESTAT:HLTH_CD_ASDR2(1.0),21/03/25 11:00:00,A,RT,F,TOTAL,C50,DK,2019,34.44,,
ESTAT:HLTH_CD_ASDR2(1.0),21/03/25 11:00:00,A,RT,F,TOTAL,C50,DK,2020,33.09,,
ESTAT:HLTH_CD_ASDR2(1.0),21/03/25 11:00:00,A,RT,F,TOTAL,C50,DK,2021,33.34,,
ESTAT:HLTH_CD_ASDR2(1.0),21/03/25 11:00:00,A,RT,F,TOTAL,C50,EE,2011,32.38,,
ESTAT:HLTH_CD_ASDR2(1.0),21/03/25 11:00:00,A,RT,F,TOTAL,C50,EE,2012,34.54,,
ESTAT:HLTH_CD_ASDR2(1.0),21/03/25 11:00:00,A,RT,F,TOTAL,C50,EE,2013,27.1,,
ESTAT:HLTH_CD_ASDR2(1.0),21/03/25 11:00:00,A,RT,F,TOTAL,C50,EE,2014,31.76,,
ESTAT:HLTH_CD_ASDR2(1.0),21/03/25 11:00:00,A,RT,F,TOTAL,C50,EE,2015,30.17,,
ESTAT:HLTH_CD_ASDR2(1.0),21/03/25 11:00:00,A,RT,F,TOTAL,C50,EE,2016,29.42,,
ESTAT:HLTH_CD_ASDR2(1.0),21/03/25 11:00:00,A,RT,F,TOTAL,C50,EE,2017,31.61,,
ESTAT:HLTH_CD_ASDR2(1.0),21/03/25 11:00:00,A,RT,F,TOTAL,C50,EE,2018,31.18,,
ESTAT:HLTH_CD_ASDR2(1.0),21/03/25 11:00:00,A,RT,F,TOTAL,C50,EE,2019,28.74,,
ESTAT:HLTH_CD_ASDR2(1.0),21/03/25 11:00:00,A,RT,F,TOTAL,C50,EE,2020,29.8,,
ESTAT:HLTH_CD_ASDR2(1.0),21/03/25 11:00:00,A,RT,F,TOTAL,C50,EE,2021,28.74,,
ESTAT:HLTH_CD_ASDR2(1.0),21/03/25 11:00:00,A,RT,F,TOTAL,C50,EL,2011,30.1,,
ESTAT:HLTH_CD_ASDR2(1.0),21/03/25 11:00:00,A,RT,F,TOTAL,C50,EL,2012,31.99,,
ESTAT:HLTH_CD_ASDR2(1.0),21/03/25 11:00:00,A,RT,F,TOTAL,C50,EL,2013,32.12,,
ESTAT:HLTH_CD_ASDR2(1.0),21/03/25 11:00:00,A,RT,F,TOTAL,C50,EL,2014,31.02,,
ESTAT:HLTH_CD_ASDR2(1.0),21/03/25 11:00:00,A,RT,F,TOTAL,C50,EL,2015,32.01,,
ESTAT:HLTH_CD_ASDR2(1.0),21/03/25 11:00:00,A,RT,F,TOTAL,C50,EL,2016,32.55,,
ESTAT:HLTH_CD_ASDR2(1.0),21/03/25 11:00:00,A,RT,F,TOTAL,C50,EL,2017,32.04,,
ESTAT:HLTH_CD_ASDR2(1.0),21/03/25 11:00:00,A,RT,F,TOTAL,C50,EL,2018,31.8,,
ESTAT:HLTH_CD_ASDR2(1.0),21/03/25 11:00:00,A,RT,F,TOTAL,C50,EL,2019,32.18,,
ESTAT:HLTH_CD_ASDR2(1.0),21/03/25 11:00:00,A,RT,F,TOTAL,C50,EL,2020,31.3,,
ESTAT:HLTH_CD_ASDR2(1.0),21/03/25 11:00:00,A,RT,F,TOTAL,C50,EL,2021,31.79,,
ESTAT:HLTH_CD_ASDR2(1.0),21/03/25 11:00:00,A,RT,F,TOTAL,C50,ES,2011,25.55,,
ESTAT:HLTH_CD_ASDR2(1.0),21/03/25 11:00:00,A,RT,F,TOTAL,C50,ES,2012,24.95,,
ESTAT:HLTH_CD_ASDR2(1.0),21/03/25 11:00:00,A,RT,F,TOTAL,C50,ES,2013,25.33,,
ESTAT:HLTH_CD_ASDR2(1.0),21/03/25 11:00:00,A,RT,F,TOTAL,C50,ES,2014,23.7,,
ESTAT:HLTH_CD_ASDR2(1.0),21/03/25 11:00:00,A,RT,F,TOTAL,C50,ES,2015,23.35,,
ESTAT:HLTH_CD_ASDR2(1.0),21/03/25 11:00:00,A,RT,F,TOTAL,C50,ES,2016,23.63,,
ESTAT:HLTH_CD_ASDR2(1.0),21/03/25 11:00:00,A,RT,F,TOTAL,C50,ES,2017,23.53,,
ESTAT:HLTH_CD_ASDR2(1.0),21/03/25 11:00:00,A,RT,F,TOTAL,C50,ES,2018,23.41,,
ESTAT:HLTH_CD_ASDR2(1.0),21/03/25 11:00:00,A,RT,F,TOTAL,C50,ES,2019,22.43,,
ESTAT:HLTH_CD_ASDR2(1.0),21/03/25 11:00:00,A,RT,F,TOTAL,C50,ES,2020,22.73,,
ESTAT:HLTH_CD_ASDR2(1.0),21/03/25 11:00:00,A,RT,F,TOTAL,C50,ES,2021,22.21,,
ESTAT:HLTH_CD_ASDR2(1.0),21/03/25 11:00:00,A,RT,F,TOTAL,C50,EU27_2020,2011,33.38,,
ESTAT:HLTH_CD_ASDR2(1.0),21/03/25 11:00:00,A,RT,F,TOTAL,C50,EU27_2020,2012,33.12,,
ESTAT:HLTH_CD_ASDR2(1.0),21/03/25 11:00:00,A,RT,F,TOTAL,C50,EU27_2020,2013,32.89,,
ESTAT:HLTH_CD_ASDR2(1.0),21/03/25 11:00:00,A,RT,F,TOTAL,C50,EU27_2020,2014,32.31,,
ESTAT:HLTH_CD_ASDR2(1.0),21/03/25 11:00:00,A,RT,F,TOTAL,C50,EU27_2020,2015,32.52,,
ESTAT:HLTH_CD_ASDR2(1.0),21/03/25 11:00:00,A,RT,F,TOTAL,C50,EU27_2020,2016,32.67,,
ESTAT:HLTH_CD_ASDR2(1.0),21/03/25 11:00:00,A,RT,F,TOTAL,C50,EU27_2020,2017,32.3,,
ESTAT:HLTH_CD_ASDR2(1.0),21/03/25 11:00:00,A,RT,F,TOTAL,C50,EU27_2020,2018,32.11,,
ESTAT:HLTH_CD_ASDR2(1.0),21/03/25 11:00:00,A,RT,F,TOTAL,C50,EU27_2020,2019,31.46,,
ESTAT:HLTH_CD_ASDR2(1.0),21/03/25 11:00:00,A,RT,F,TOTAL,C50,EU27_2020,2020,31.4,,
ESTAT:HLTH_CD_ASDR2(1.0),21/03/25 11:00:00,A,RT,F,TOTAL,C50,EU27_2020,2021,30.55,,
ESTAT:HLTH_CD_ASDR2(1.0),21/03/25 11:00:00,A,RT,F,TOTAL,C50,FI,2011,28.22,,
ESTAT:HLTH_CD_ASDR2(1.0),21/03/25 11:00:00,A,RT,F,TOTAL,C50,FI,2012,29.39,,
ESTAT:HLTH_CD_ASDR2(1.0),21/03/25 11:00:00,A,RT,F,TOTAL,C50,FI,2013,28.77,,
ESTAT:HLTH_CD_ASDR2(1.0),21/03/25 11:00:00,A,RT,F,TOTAL,C50,FI,2014,26.63,,
ESTAT:HLTH_CD_ASDR2(1.0),21/03/25 11:00:00,A,RT,F,TOTAL,C50,FI,2015,26.1,,
ESTAT:HLTH_CD_ASDR2(1.0),21/03/25 11:00:00,A,RT,F,TOTAL,C50,FI,2016,27.73,,
ESTAT:HLTH_CD_ASDR2(1.0),21/03/25 11:00:00,A,RT,F,TOTAL,C50,FI,2017,28.47,,
ESTAT:HLTH_CD_ASDR2(1.0),21/03/25 11:00:00,A,RT,F,TOTAL,C50,FI,2018,26.46,,
ESTAT:HLTH_CD_ASDR2(1.0),21/03/25 11:00:00,A,RT,F,TOTAL,C50,FI,2019,26.74,,
ESTAT:HLTH_CD_ASDR2(1.0),21/03/25 11:00:00,A,RT,F,TOTAL,C50,FI,2020,28.15,,
ESTAT:HLTH_CD_ASDR2(1.0),21/03/25 11:00:00,A,RT,F,TOTAL,C50,FI,2021,26.33,,
ESTAT:HLTH_CD_ASDR2(1.0),21/03/25 11:00:00,A,RT,F,TOTAL,C50,FR,2011,33.19,,
ESTAT:HLTH_CD_ASDR2(1.0),21/03/25 11:00:00,A,RT,F,TOTAL,C50,FR,2012,33.16,,
ESTAT:HLTH_CD_ASDR2(1.0),21/03/25 11:00:00,A,RT,F,TOTAL,C50,FR,2013,33.04,,
ESTAT:HLTH_CD_ASDR2(1.0),21/03/25 11:00:00,A,RT,F,TOTAL,C50,FR,2014,32.9,,
ESTAT:HLTH_CD_ASDR2(1.0),21/03/25 11:00:00,A,RT,F,TOTAL,C50,FR,2015,32.93,,
ESTAT:HLTH_CD_ASDR2(1.0),21/03/25 11:00:00,A,RT,F,TOTAL,C50,FR,2016,33.09,,
ESTAT:HLTH_CD_ASDR2(1.0),21/03/25 11:00:00,A,RT,F,TOTAL,C50,FR,2017,33.01,,
ESTAT:HLTH_CD_ASDR2(1.0),21/03/25 11:00:00,A,RT,F,TOTAL,C50,FR,2018,32.31,,
ESTAT:HLTH_CD_ASDR2(1.0),21/03/25 11:00:00,A,RT,F,TOTAL,C50,FR,2019,31.37,,
ESTAT:HLTH_CD_ASDR2(1.0),21/03/25 11:00:00,A,RT,F,TOTAL,C50,FR,2020,31.4,,
ESTAT:HLTH_CD_ASDR2(1.0),21/03/25 11:00:00,A,RT,F,TOTAL,C50,FR,2021,30.42,,
ESTAT:HLTH_CD_ASDR2(1.0),21/03/25 11:00:00,A,RT,F,TOTAL,C50,HR,2011,38.75,,
ESTAT:HLTH_CD_ASDR2(1.0),21/03/25 11:00:00,A,RT,F,TOTAL,C50,HR,2012,43.23,d,
ESTAT:HLTH_CD_ASDR2(1.0),21/03/25 11:00:00,A,RT,F,TOTAL,C50,HR,2013,41.26,d,
ESTAT:HLTH_CD_ASDR2(1.0),21/03/25 11:00:00,A,RT,F,TOTAL,C50,HR,2014,44.47,,
ESTAT:HLTH_CD_ASDR2(1.0),21/03/25 11:00:00,A,RT,F,TOTAL,C50,HR,2015,43.09,,
ESTAT:HLTH_CD_ASDR2(1.0),21/03/25 11:00:00,A,RT,F,TOTAL,C50,HR,2016,40.36,,
ESTAT:HLTH_CD_ASDR2(1.0),21/03/25 11:00:00,A,RT,F,TOTAL,C50,HR,2017,34.86,,
ESTAT:HLTH_CD_ASDR2(1.0),21/03/25 11:00:00,A,RT,F,TOTAL,C50,HR,2018,31.86,,
ESTAT:HLTH_CD_ASDR2(1.0),21/03/25 11:00:00,A,RT,F,TOTAL,C50,HR,2019,30.17,,
ESTAT:HLTH_CD_ASDR2(1.0),21/03/25 11:00:00,A,RT,F,TOTAL,C50,HR,2020,28.98,,
ESTAT:HLTH_CD_ASDR2(1.0),21/03/25 11:00:00,A,RT,F,TOTAL,C50,HR,2021,29.54,,
ESTAT:HLTH_CD_ASDR2(1.0),21/03/25 11:00:00,A,RT,F,TOTAL,C50,HU,2011,39.48,d,
ESTAT:HLTH_CD_ASDR2(1.0),21/03/25 11:00:00,A,RT,F,TOTAL,C50,HU,2012,38.35,d,
ESTAT:HLTH_CD_ASDR2(1.0),21/03/25 11:00:00,A,RT,F,TOTAL,C50,HU,2013,39.17,d,
ESTAT:HLTH_CD_ASDR2(1.0),21/03/25 11:00:00,A,RT,F,TOTAL,C50,HU,2014,37.9,,
ESTAT:HLTH_CD_ASDR2(1.0),21/03/25 11:00:00,A,RT,F,TOTAL,C50,HU,2015,39.28,,
ESTAT:HLTH_CD_ASDR2(1.0),21/03/25 11:00:00,A,RT,F,TOTAL,C50,HU,2016,39.4,,
ESTAT:HLTH_CD_ASDR2(1.0),21/03/25 11:00:00,A,RT,F,TOTAL,C50,HU,2017,37.33,,
ESTAT:HLTH_CD_ASDR2(1.0),21/03/25 11:00:00,A,RT,F,TOTAL,C50,HU,2018,36.91,,
ESTAT:HLTH_CD_ASDR2(1.0),21/03/25 11:00:00,A,RT,F,TOTAL,C50,HU,2019,37.66,,
ESTAT:HLTH_CD_ASDR2(1.0),21/03/25 11:00:00,A,RT,F,TOTAL,C50,HU,2020,37.54,,
ESTAT:HLTH_CD_ASDR2(1.0),21/03/25 11:00:00,A,RT,F,TOTAL,C50,HU,2021,37.38,,
ESTAT:HLTH_CD_ASDR2(1.0),21/03/25 11:00:00,A,RT,F,TOTAL,C50,IE,2011,41.86,,
ESTAT:HLTH_CD_ASDR2(1.0),21/03/25 11:00:00,A,RT,F,TOTAL,C50,IE,2012,39.89,,
ESTAT:HLTH_CD_ASDR2(1.0),21/03/25 11:00:00,A,RT,F,TOTAL,C50,IE,2013,40.36,,
ESTAT:HLTH_CD_ASDR2(1.0),21/03/25 11:00:00,A,RT,F,TOTAL,C50,IE,2014,41.14,,
ESTAT:HLTH_CD_ASDR2(1.0),21/03/25 11:00:00,A,RT,F,TOTAL,C50,IE,2015,36.95,,
ESTAT:HLTH_CD_ASDR2(1.0),21/03/25 11:00:00,A,RT,F,TOTAL,C50,IE,2016,40.28,,
ESTAT:HLTH_CD_ASDR2(1.0),21/03/25 11:00:00,A,RT,F,TOTAL,C50,IE,2017,37.29,,
ESTAT:HLTH_CD_ASDR2(1.0),21/03/25 11:00:00,A,RT,F,TOTAL,C50,IE,2018,39.21,,
ESTAT:HLTH_CD_ASDR2(1.0),21/03/25 11:00:00,A,RT,F,TOTAL,C50,IE,2019,33.94,,
ESTAT:HLTH_CD_ASDR2(1.0),21/03/25 11:00:00,A,RT,F,TOTAL,C50,IE,2020,36.52,,
ESTAT:HLTH_CD_ASDR2(1.0),21/03/25 11:00:00,A,RT,F,TOTAL,C50,IE,2021,32.78,,
ESTAT:HLTH_CD_ASDR2(1.0),21/03/25 11:00:00,A,RT,F,TOTAL,C50,IS,2011,25.83,,
ESTAT:HLTH_CD_ASDR2(1.0),21/03/25 11:00:00,A,RT,F,TOTAL,C50,IS,2012,33.03,,
ESTAT:HLTH_CD_ASDR2(1.0),21/03/25 11:00:00,A,RT,F,TOTAL,C50,IS,2013,41.56,,
ESTAT:HLTH_CD_ASDR2(1.0),21/03/25 11:00:00,A,RT,F,TOTAL,C50,IS,2014,39.24,,
ESTAT:HLTH_CD_ASDR2(1.0),21/03/25 11:00:00,A,RT,F,TOTAL,C50,IS,2015,39.96,,
ESTAT:HLTH_CD_ASDR2(1.0),21/03/25 11:00:00,A,RT,F,TOTAL,C50,IS,2016,38.53,,
ESTAT:HLTH_CD_ASDR2(1.0),21/03/25 11:00:00,A,RT,F,TOTAL,C50,IS,2017,29.72,,
ESTAT:HLTH_CD_ASDR2(1.0),21/03/25 11:00:00,A,RT,F,TOTAL,C50,IS,2018,31.38,,
ESTAT:HLTH_CD_ASDR2(1.0),21/03/25 11:00:00,A,RT,F,TOTAL,C50,IS,2019,38.13,,
ESTAT:HLTH_CD_ASDR2(1.0),21/03/25 11:00:00,A,RT,F,TOTAL,C50,IS,2020,28.75,,
ESTAT:HLTH_CD_ASDR2(1.0),21/03/25 11:00:00,A,RT,F,TOTAL,C50,IS,2021,33.39,,
ESTAT:HLTH_CD_ASDR2(1.0),21/03/25 11:00:00,A,RT,F,TOTAL,C50,IT,2011,32.96,,
ESTAT:HLTH_CD_ASDR2(1.0),21/03/25 11:00:00,A,RT,F,TOTAL,C50,IT,2012,32.55,,
ESTAT:HLTH_CD_ASDR2(1.0),21/03/25 11:00:00,A,RT,F,TOTAL,C50,IT,2013,31.63,,
ESTAT:HLTH_CD_ASDR2(1.0),21/03/25 11:00:00,A,RT,F,TOTAL,C50,IT,2014,31.73,,
ESTAT:HLTH_CD_ASDR2(1.0),21/03/25 11:00:00,A,RT,F,TOTAL,C50,IT,2015,31.46,,
ESTAT:HLTH_CD_ASDR2(1.0),21/03/25 11:00:00,A,RT,F,TOTAL,C50,IT,2016,31.7,,
ESTAT:HLTH_CD_ASDR2(1.0),21/03/25 11:00:00,A,RT,F,TOTAL,C50,IT,2017,31.99,,
ESTAT:HLTH_CD_ASDR2(1.0),21/03/25 11:00:00,A,RT,F,TOTAL,C50,IT,2018,32.28,,
ESTAT:HLTH_CD_ASDR2(1.0),21/03/25 11:00:00,A,RT,F,TOTAL,C50,IT,2019,31.28,,
ESTAT:HLTH_CD_ASDR2(1.0),21/03/25 11:00:00,A,RT,F,TOTAL,C50,IT,2020,31.7,,
ESTAT:HLTH_CD_ASDR2(1.0),21/03/25 11:00:00,A,RT,F,TOTAL,C50,IT,2021,30.72,,
ESTAT:HLTH_CD_ASDR2(1.0),21/03/25 11:00:00,A,RT,F,TOTAL,C50,LI,2011,25.67,,
ESTAT:HLTH_CD_ASDR2(1.0),21/03/25 11:00:00,A,RT,F,TOTAL,C50,LI,2012,28.4,,
ESTAT:HLTH_CD_ASDR2(1.0),21/03/25 11:00:00,A,RT,F,TOTAL,C50,LI,2013,40.85,,
ESTAT:HLTH_CD_ASDR2(1.0),21/03/25 11:00:00,A,RT,F,TOTAL,C50,LI,2014,40.98,,
ESTAT:HLTH_CD_ASDR2(1.0),21/03/25 11:00:00,A,RT,F,TOTAL,C50,LI,2015,32.63,,
ESTAT:HLTH_CD_ASDR2(1.0),21/03/25 11:00:00,A,RT,F,TOTAL,C50,LI,2016,24.48,,
ESTAT:HLTH_CD_ASDR2(1.0),21/03/25 11:00:00,A,RT,F,TOTAL,C50,LI,2017,21.12,,
ESTAT:HLTH_CD_ASDR2(1.0),21/03/25 11:00:00,A,RT,F,TOTAL,C50,LI,2018,15.36,,
ESTAT:HLTH_CD_ASDR2(1.0),21/03/25 11:00:00,A,RT,F,TOTAL,C50,LI,2019,30.61,,
ESTAT:HLTH_CD_ASDR2(1.0),21/03/25 11:00:00,A,RT,F,TOTAL,C50,LI,2020,39.84,,
ESTAT:HLTH_CD_ASDR2(1.0),21/03/25 11:00:00,A,RT,F,TOTAL,C50,LI,2021,33.2,,
ESTAT:HLTH_CD_ASDR2(1.0),21/03/25 11:00:00,A,RT,F,TOTAL,C50,LT,2011,30.72,,
ESTAT:HLTH_CD_ASDR2(1.0),21/03/25 11:00:00,A,RT,F,TOTAL,C50,LT,2012,30.95,,
ESTAT:HLTH_CD_ASDR2(1.0),21/03/25 11:00:00,A,RT,F,TOTAL,C50,LT,2013,31.33,,
ESTAT:HLTH_CD_ASDR2(1.0),21/03/25 11:00:00,A,RT,F,TOTAL,C50,LT,2014,28.46,,
ESTAT:HLTH_CD_ASDR2(1.0),21/03/25 11:00:00,A,RT,F,TOTAL,C50,LT,2015,31.6,,
ESTAT:HLTH_CD_ASDR2(1.0),21/03/25 11:00:00,A,RT,F,TOTAL,C50,LT,2016,28.62,,
ESTAT:HLTH_CD_ASDR2(1.0),21/03/25 11:00:00,A,RT,F,TOTAL,C50,LT,2017,26.78,,
ESTAT:HLTH_CD_ASDR2(1.0),21/03/25 11:00:00,A,RT,F,TOTAL,C50,LT,2018,28.32,,
ESTAT:HLTH_CD_ASDR2(1.0),21/03/25 11:00:00,A,RT,F,TOTAL,C50,LT,2019,29.95,,
ESTAT:HLTH_CD_ASDR2(1.0),21/03/25 11:00:00,A,RT,F,TOTAL,C50,LT,2020,30.54,,
ESTAT:HLTH_CD_ASDR2(1.0),21/03/25 11:00:00,A,RT,F,TOTAL,C50,LT,2021,29.63,,
ESTAT:HLTH_CD_ASDR2(1.0),21/03/25 11:00:00,A,RT,F,TOTAL,C50,LU,2011,37.24,,
ESTAT:HLTH_CD_ASDR2(1.0),21/03/25 11:00:00,A,RT,F,TOTAL,C50,LU,2012,33.25,,
ESTAT:HLTH_CD_ASDR2(1.0),21/03/25 11:00:00,A,RT,F,TOTAL,C50,LU,2013,39.02,,
ESTAT:HLTH_CD_ASDR2(1.0),21/03/25 11:00:00,A,RT,F,TOTAL,C50,LU,2014,35.59,,
ESTAT:HLTH_CD_ASDR2(1.0),21/03/25 11:00:00,A,RT,F,TOTAL,C50,LU,2015,37.06,,
ESTAT:HLTH_CD_ASDR2(1.0),21/03/25 11:00:00,A,RT,F,TOTAL,C50,LU,2016,35.96,,
ESTAT:HLTH_CD_ASDR2(1.0),21/03/25 11:00:00,A,RT,F,TOTAL,C50,LU,2017,39.84,,
ESTAT:HLTH_CD_ASDR2(1.0),21/03/25 11:00:00,A,RT,F,TOTAL,C50,LU,2018,33.88,,
ESTAT:HLTH_CD_ASDR2(1.0),21/03/25 11:00:00,A,RT,F,TOTAL,C50,LU,2019,34.24,,
ESTAT:HLTH_CD_ASDR2(1.0),21/03/25 11:00:00,A,RT,F,TOTAL,C50,LU,2020,34.44,,
ESTAT:HLTH_CD_ASDR2(1.0),21/03/25 11:00:00,A,RT,F,TOTAL,C50,LU,2021,31.02,,
ESTAT:HLTH_CD_ASDR2(1.0),21/03/25 11:00:00,A,RT,F,TOTAL,C50,LV,2011,36.05,,
ESTAT:HLTH_CD_ASDR2(1.0),21/03/25 11:00:00,A,RT,F,TOTAL,C50,LV,2012,32.43,,
ESTAT:HLTH_CD_ASDR2(1.0),21/03/25 11:00:00,A,RT,F,TOTAL,C50,LV,2013,34.81,,
ESTAT:HLTH_CD_ASDR2(1.0),21/03/25 11:00:00,A,RT,F,TOTAL,C50,LV,2014,34.61,,
ESTAT:HLTH_CD_ASDR2(1.0),21/03/25 11:00:00,A,RT,F,TOTAL,C50,LV,2015,35.21,,
ESTAT:HLTH_CD_ASDR2(1.0),21/03/25 11:00:00,A,RT,F,TOTAL,C50,LV,2016,36.22,,
ESTAT:HLTH_CD_ASDR2(1.0),21/03/25 11:00:00,A,RT,F,TOTAL,C50,LV,2017,33.86,,
ESTAT:HLTH_CD_ASDR2(1.0),21/03/25 11:00:00,A,RT,F,TOTAL,C50,LV,2018,33.24,,
ESTAT:HLTH_CD_ASDR2(1.0),21/03/25 11:00:00,A,RT,F,TOTAL,C50,LV,2019,33.74,,
ESTAT:HLTH_CD_ASDR2(1.0),21/03/25 11:00:00,A,RT,F,TOTAL,C50,LV,2020,35.48,,
ESTAT:HLTH_CD_ASDR2(1.0),21/03/25 11:00:00,A,RT,F,TOTAL,C50,LV,2021,34.22,,
ESTAT:HLTH_CD_ASDR2(1.0),21/03/25 11:00:00,A,RT,F,TOTAL,C50,MT,2011,41.8,,
ESTAT:HLTH_CD_ASDR2(1.0),21/03/25 11:00:00,A,RT,F,TOTAL,C50,MT,2012,37.97,,
ESTAT:HLTH_CD_ASDR2(1.0),21/03/25 11:00:00,A,RT,F,TOTAL,C50,MT,2013,40.42,,
ESTAT:HLTH_CD_ASDR2(1.0),21/03/25 11:00:00,A,RT,F,TOTAL,C50,MT,2014,34.91,,
ESTAT:HLTH_CD_ASDR2(1.0),21/03/25 11:00:00,A,RT,F,TOTAL,C50,MT,2015,35.87,,
ESTAT:HLTH_CD_ASDR2(1.0),21/03/25 11:00:00,A,RT,F,TOTAL,C50,MT,2016,32.09,,
ESTAT:HLTH_CD_ASDR2(1.0),21/03/25 11:00:00,A,RT,F,TOTAL,C50,MT,2017,27.83,,
ESTAT:HLTH_CD_ASDR2(1.0),21/03/25 11:00:00,A,RT,F,TOTAL,C50,MT,2018,38.64,,
ESTAT:HLTH_CD_ASDR2(1.0),21/03/25 11:00:00,A,RT,F,TOTAL,C50,MT,2019,31.5,,
ESTAT:HLTH_CD_ASDR2(1.0),21/03/25 11:00:00,A,RT,F,TOTAL,C50,MT,2020,36.96,,
ESTAT:HLTH_CD_ASDR2(1.0),21/03/25 11:00:00,A,RT,F,TOTAL,C50,MT,2021,28.68,,
ESTAT:HLTH_CD_ASDR2(1.0),21/03/25 11:00:00,A,RT,F,TOTAL,C50,NL,2011,39.81,,
ESTAT:HLTH_CD_ASDR2(1.0),21/03/25 11:00:00,A,RT,F,TOTAL,C50,NL,2012,38.66,,
ESTAT:HLTH_CD_ASDR2(1.0),21/03/25 11:00:00,A,RT,F,TOTAL,C50,NL,2013,37.56,,
ESTAT:HLTH_CD_ASDR2(1.0),21/03/25 11:00:00,A,RT,F,TOTAL,C50,NL,2014,35.22,,
ESTAT:HLTH_CD_ASDR2(1.0),21/03/25 11:00:00,A,RT,F,TOTAL,C50,NL,2015,37.73,,
ESTAT:HLTH_CD_ASDR2(1.0),21/03/25 11:00:00,A,RT,F,TOTAL,C50,NL,2016,35.71,,
ESTAT:HLTH_CD_ASDR2(1.0),21/03/25 11:00:00,A,RT,F,TOTAL,C50,NL,2017,34.68,,
ESTAT:HLTH_CD_ASDR2(1.0),21/03/25 11:00:00,A,RT,F,TOTAL,C50,NL,2018,33.66,,
ESTAT:HLTH_CD_ASDR2(1.0),21/03/25 11:00:00,A,RT,F,TOTAL,C50,NL,2019,33.16,,
ESTAT:HLTH_CD_ASDR2(1.0),21/03/25 11:00:00,A,RT,F,TOTAL,C50,NL,2020,32.8,,
ESTAT:HLTH_CD_ASDR2(1.0),21/03/25 11:00:00,A,RT,F,TOTAL,C50,NL,2021,32.91,,
ESTAT:HLTH_CD_ASDR2(1.0),21/03/25 11:00:00,A,RT,F,TOTAL,C50,NO,2011,26.01,,
ESTAT:HLTH_CD_ASDR2(1.0),21/03/25 11:00:00,A,RT,F,TOTAL,C50,NO,2012,27.2,,
ESTAT:HLTH_CD_ASDR2(1.0),21/03/25 11:00:00,A,RT,F,TOTAL,C50,NO,2013,26.52,,
ESTAT:HLTH_CD_ASDR2(1.0),21/03/25 11:00:00,A,RT,F,TOTAL,C50,NO,2014,27.23,,
ESTAT:HLTH_CD_ASDR2(1.0),21/03/25 11:00:00,A,RT,F,TOTAL,C50,NO,2015,23.78,,
ESTAT:HLTH_CD_ASDR2(1.0),21/03/25 11:00:00,A,RT,F,TOTAL,C50,NO,2016,25.14,,
ESTAT:HLTH_CD_ASDR2(1.0),21/03/25 11:00:00,A,RT,F,TOTAL,C50,NO,2017,23.14,,
ESTAT:HLTH_CD_ASDR2(1.0),21/03/25 11:00:00,A,RT,F,TOTAL,C50,NO,2018,25.36,,
ESTAT:HLTH_CD_ASDR2(1.0),21/03/25 11:00:00,A,RT,F,TOTAL,C50,NO,2019,22.9,,
ESTAT:HLTH_CD_ASDR2(1.0),21/03/25 11:00:00,A,RT,F,TOTAL,C50,NO,2020,22.6,,
ESTAT:HLTH_CD_ASDR2(1.0),21/03/25 11:00:00,A,RT,F,TOTAL,C50,NO,2021,21.59,,
ESTAT:HLTH_CD_ASDR2(1.0),21/03/25 11:00:00,A,RT,F,TOTAL,C50,PL,2011,29.35,,
ESTAT:HLTH_CD_ASDR2(1.0),21/03/25 11:00:00,A,RT,F,TOTAL,C50,PL,2012,29.64,,
ESTAT:HLTH_CD_ASDR2(1.0),21/03/25 11:00:00,A,RT,F,TOTAL,C50,PL,2013,30.4,,
ESTAT:HLTH_CD_ASDR2(1.0),21/03/25 11:00:00,A,RT,F,TOTAL,C50,PL,2014,30.95,,
ESTAT:HLTH_CD_ASDR2(1.0),21/03/25 11:00:00,A,RT,F,TOTAL,C50,PL,2015,32.11,,
ESTAT:HLTH_CD_ASDR2(1.0),21/03/25 11:00:00,A,RT,F,TOTAL,C50,PL,2016,32.64,,
ESTAT:HLTH_CD_ASDR2(1.0),21/03/25 11:00:00,A,RT,F,TOTAL,C50,PL,2017,33.09,,
ESTAT:HLTH_CD_ASDR2(1.0),21/03/25 11:00:00,A,RT,F,TOTAL,C50,PL,2018,33.58,,
ESTAT:HLTH_CD_ASDR2(1.0),21/03/25 11:00:00,A,RT,F,TOTAL,C50,PL,2019,33.65,,
ESTAT:HLTH_CD_ASDR2(1.0),21/03/25 11:00:00,A,RT,F,TOTAL,C50,PL,2020,33.3,,
ESTAT:HLTH_CD_ASDR2(1.0),21/03/25 11:00:00,A,RT,F,TOTAL,C50,PL,2021,30.48,,
ESTAT:HLTH_CD_ASDR2(1.0),21/03/25 11:00:00,A,RT,F,TOTAL,C50,PT,2011,27.58,,
ESTAT:HLTH_CD_ASDR2(1.0),21/03/25 11:00:00,A,RT,F,TOTAL,C50,PT,2012,29.14,,
ESTAT:HLTH_CD_ASDR2(1.0),21/03/25 11:00:00,A,RT,F,TOTAL,C50,PT,2013,26.75,,
ESTAT:HLTH_CD_ASDR2(1.0),21/03/25 11:00:00,A,RT,F,TOTAL,C50,PT,2014,26.71,,
ESTAT:HLTH_CD_ASDR2(1.0),21/03/25 11:00:00,A,RT,F,TOTAL,C50,PT,2015,26.79,,
ESTAT:HLTH_CD_ASDR2(1.0),21/03/25 11:00:00,A,RT,F,TOTAL,C50,PT,2016,27.79,,
ESTAT:HLTH_CD_ASDR2(1.0),21/03/25 11:00:00,A,RT,F,TOTAL,C50,PT,2017,27.34,,
ESTAT:HLTH_CD_ASDR2(1.0),21/03/25 11:00:00,A,RT,F,TOTAL,C50,PT,2018,26.81,,
ESTAT:HLTH_CD_ASDR2(1.0),21/03/25 11:00:00,A,RT,F,TOTAL,C50,PT,2019,27.98,,
ESTAT:HLTH_CD_ASDR2(1.0),21/03/25 11:00:00,A,RT,F,TOTAL,C50,PT,2020,26.38,,
ESTAT:HLTH_CD_ASDR2(1.0),21/03/25 11:00:00,A,RT,F,TOTAL,C50,PT,2021,26.22,,
ESTAT:HLTH_CD_ASDR2(1.0),21/03/25 11:00:00,A,RT,F,TOTAL,C50,RO,2011,30.68,,
ESTAT:HLTH_CD_ASDR2(1.0),21/03/25 11:00:00,A,RT,F,TOTAL,C50,RO,2012,30.48,,
ESTAT:HLTH_CD_ASDR2(1.0),21/03/25 11:00:00,A,RT,F,TOTAL,C50,RO,2013,31.27,,
ESTAT:HLTH_CD_ASDR2(1.0),21/03/25 11:00:00,A,RT,F,TOTAL,C50,RO,2014,32.09,,
ESTAT:HLTH_CD_ASDR2(1.0),21/03/25 11:00:00,A,RT,F,TOTAL,C50,RO,2015,32.7,,
ESTAT:HLTH_CD_ASDR2(1.0),21/03/25 11:00:00,A,RT,F,TOTAL,C50,RO,2016,32.73,,
ESTAT:HLTH_CD_ASDR2(1.0),21/03/25 11:00:00,A,RT,F,TOTAL,C50,RO,2017,33.08,,
ESTAT:HLTH_CD_ASDR2(1.0),21/03/25 11:00:00,A,RT,F,TOTAL,C50,RO,2018,32.69,,
ESTAT:HLTH_CD_ASDR2(1.0),21/03/25 11:00:00,A,RT,F,TOTAL,C50,RO,2019,31.49,,
ESTAT:HLTH_CD_ASDR2(1.0),21/03/25 11:00:00,A,RT,F,TOTAL,C50,RO,2020,32.19,,
ESTAT:HLTH_CD_ASDR2(1.0),21/03/25 11:00:00,A,RT,F,TOTAL,C50,RO,2021,31.02,,
ESTAT:HLTH_CD_ASDR2(1.0),21/03/25 11:00:00,A,RT,F,TOTAL,C50,RS,2011,42.82,,
ESTAT:HLTH_CD_ASDR2(1.0),21/03/25 11:00:00,A,RT,F,TOTAL,C50,RS,2012,42.84,,
ESTAT:HLTH_CD_ASDR2(1.0),21/03/25 11:00:00,A,RT,F,TOTAL,C50,RS,2013,42.4,,
ESTAT:HLTH_CD_ASDR2(1.0),21/03/25 11:00:00,A,RT,F,TOTAL,C50,RS,2014,41.91,,
ESTAT:HLTH_CD_ASDR2(1.0),21/03/25 11:00:00,A,RT,F,TOTAL,C50,RS,2015,42.98,,
ESTAT:HLTH_CD_ASDR2(1.0),21/03/25 11:00:00,A,RT,F,TOTAL,C50,RS,2016,43.2,,
ESTAT:HLTH_CD_ASDR2(1.0),21/03/25 11:00:00,A,RT,F,TOTAL,C50,RS,2017,44.4,,
ESTAT:HLTH_CD_ASDR2(1.0),21/03/25 11:00:00,A,RT,F,TOTAL,C50,RS,2018,42.33,,
ESTAT:HLTH_CD_ASDR2(1.0),21/03/25 11:00:00,A,RT,F,TOTAL,C50,RS,2019,41.65,,
ESTAT:HLTH_CD_ASDR2(1.0),21/03/25 11:00:00,A,RT,F,TOTAL,C50,RS,2020,44.16,,
ESTAT:HLTH_CD_ASDR2(1.0),21/03/25 11:00:00,A,RT,F,TOTAL,C50,RS,2021,44.28,,
ESTAT:HLTH_CD_ASDR2(1.0),21/03/25 11:00:00,A,RT,F,TOTAL,C50,SE,2011,28.23,,
ESTAT:HLTH_CD_ASDR2(1.0),21/03/25 11:00:00,A,RT,F,TOTAL,C50,SE,2012,28.71,,
ESTAT:HLTH_CD_ASDR2(1.0),21/03/25 11:00:00,A,RT,F,TOTAL,C50,SE,2013,28.89,,
ESTAT:HLTH_CD_ASDR2(1.0),21/03/25 11:00:00,A,RT,F,TOTAL,C50,SE,2014,27.04,,
ESTAT:HLTH_CD_ASDR2(1.0),21/03/25 11:00:00,A,RT,F,TOTAL,C50,SE,2015,27.04,,
ESTAT:HLTH_CD_ASDR2(1.0),21/03/25 11:00:00,A,RT,F,TOTAL,C50,SE,2016,26.23,,
ESTAT:HLTH_CD_ASDR2(1.0),21/03/25 11:00:00,A,RT,F,TOTAL,C50,SE,2017,26.23,,
ESTAT:HLTH_CD_ASDR2(1.0),21/03/25 11:00:00,A,RT,F,TOTAL,C50,SE,2018,25.47,,
ESTAT:HLTH_CD_ASDR2(1.0),21/03/25 11:00:00,A,RT,F,TOTAL,C50,SE,2019,24.56,,
ESTAT:HLTH_CD_ASDR2(1.0),21/03/25 11:00:00,A,RT,F,TOTAL,C50,SE,2020,24.8,,
ESTAT:HLTH_CD_ASDR2(1.0),21/03/25 11:00:00,A,RT,F,TOTAL,C50,SE,2021,23.28,,
ESTAT:HLTH_CD_ASDR2(1.0),21/03/25 11:00:00,A,RT,F,TOTAL,C50,SI,2011,36.99,,
ESTAT:HLTH_CD_ASDR2(1.0),21/03/25 11:00:00,A,RT,F,TOTAL,C50,SI,2012,35.35,,
ESTAT:HLTH_CD_ASDR2(1.0),21/03/25 11:00:00,A,RT,F,TOTAL,C50,SI,2013,36.12,,
ESTAT:HLTH_CD_ASDR2(1.0),21/03/25 11:00:00,A,RT,F,TOTAL,C50,SI,2014,33.53,,
ESTAT:HLTH_CD_ASDR2(1.0),21/03/25 11:00:00,A,RT,F,TOTAL,C50,SI,2015,36.61,,
ESTAT:HLTH_CD_ASDR2(1.0),21/03/25 11:00:00,A,RT,F,TOTAL,C50,SI,2016,32.34,,
ESTAT:HLTH_CD_ASDR2(1.0),21/03/25 11:00:00,A,RT,F,TOTAL,C50,SI,2017,35.86,,
ESTAT:HLTH_CD_ASDR2(1.0),21/03/25 11:00:00,A,RT,F,TOTAL,C50,SI,2018,38.42,,
ESTAT:HLTH_CD_ASDR2(1.0),21/03/25 11:00:00,A,RT,F,TOTAL,C50,SI,2019,33.94,,
ESTAT:HLTH_CD_ASDR2(1.0),21/03/25 11:00:00,A,RT,F,TOTAL,C50,SI,2020,37.31,,
ESTAT:HLTH_CD_ASDR2(1.0),21/03/25 11:00:00,A,RT,F,TOTAL,C50,SI,2021,32.39,,
ESTAT:HLTH_CD_ASDR2(1.0),21/03/25 11:00:00,A,RT,F,TOTAL,C50,SK,2011,38.31,,
ESTAT:HLTH_CD_ASDR2(1.0),21/03/25 11:00:00,A,RT,F,TOTAL,C50,SK,2012,36.73,,
ESTAT:HLTH_CD_ASDR2(1.0),21/03/25 11:00:00,A,RT,F,TOTAL,C50,SK,2013,40.17,,
ESTAT:HLTH_CD_ASDR2(1.0),21/03/25 11:00:00,A,RT,F,TOTAL,C50,SK,2014,35.75,,
ESTAT:HLTH_CD_ASDR2(1.0),21/03/25 11:00:00,A,RT,F,TOTAL,C50,SK,2015,40.6,,
ESTAT:HLTH_CD_ASDR2(1.0),21/03/25 11:00:00,A,RT,F,TOTAL,C50,SK,2016,38.86,,
ESTAT:HLTH_CD_ASDR2(1.0),21/03/25 11:00:00,A,RT,F,TOTAL,C50,SK,2017,40.32,,
ESTAT:HLTH_CD_ASDR2(1.0),21/03/25 11:00:00,A,RT,F,TOTAL,C50,SK,2018,39.41,,
ESTAT:HLTH_CD_ASDR2(1.0),21/03/25 11:00:00,A,RT,F,TOTAL,C50,SK,2019,37.24,,
ESTAT:HLTH_CD_ASDR2(1.0),21/03/25 11:00:00,A,RT,F,TOTAL,C50,SK,2020,38.94,,
ESTAT:HLTH_CD_ASDR2(1.0),21/03/25 11:00:00,A,RT,F,TOTAL,C50,SK,2021,36.93,,
ESTAT:HLTH_CD_ASDR2(1.0),21/03/25 11:00:00,A,RT,F,TOTAL,C50,TR,2011,14.76,d,
ESTAT:HLTH_CD_ASDR2(1.0),21/03/25 11:00:00,A,RT,F,TOTAL,C50,TR,2012,13.23,d,
ESTAT:HLTH_CD_ASDR2(1.0),21/03/25 11:00:00,A,RT,F,TOTAL,C50,TR,2013,15.56,d,
ESTAT:HLTH_CD_ASDR2(1.0),21/03/25 11:00:00,A,RT,F,TOTAL,C50,TR,2014,15.81,d,
ESTAT:HLTH_CD_ASDR2(1.0),21/03/25 11:00:00,A,RT,F,TOTAL,C50,TR,2015,15.91,d,
ESTAT:HLTH_CD_ASDR2(1.0),21/03/25 11:00:00,A,RT,F,TOTAL,C50,TR,2016,15.76,d,
ESTAT:HLTH_CD_ASDR2(1.0),21/03/25 11:00:00,A,RT,F,TOTAL,C50,TR,2017,15.61,d,
ESTAT:HLTH_CD_ASDR2(1.0),21/03/25 11:00:00,A,RT,F,TOTAL,C50,TR,2018,15.98,d,
ESTAT:HLTH_CD_ASDR2(1.0),21/03/25 11:00:00,A,RT,F,TOTAL,C50,TR,2019,15.42,d,
ESTAT:HLTH_CD_ASDR2(1.0),21/03/25 11:00:00,A,RT,F,TOTAL,C50,TR,2020,15.8,d,
ESTAT:HLTH_CD_ASDR2(1.0),21/03/25 11:00:00,A,RT,F,TOTAL,C50,TR,2021,15.21,d,
ESTAT:HLTH_CD_ASDR2(1.0),21/03/25 11:00:00,A,RT,F,TOTAL,C50,UK,2011,37.09,d,
ESTAT:HLTH_CD_ASDR2(1.0),21/03/25 11:00:00,A,RT,F,TOTAL,C50,UK,2012,36.66,,
ESTAT:HLTH_CD_ASDR2(1.0),21/03/25 11:00:00,A,RT,F,TOTAL,C50,UK,2013,35.27,,
ESTAT:HLTH_CD_ASDR2(1.0),21/03/25 11:00:00,A,RT,F,TOTAL,C50,UK,2014,34.7,,
ESTAT:HLTH_CD_ASDR2(1.0),21/03/25 11:00:00,A,RT,F,TOTAL,C50,UK,2015,34.37,,
ESTAT:HLTH_CD_ASDR2(1.0),21/03/25 11:00:00,A,RT,F,TOTAL,C50,UK,2016,34.25,,
ESTAT:HLTH_CD_ASDR2(1.0),21/03/25 11:00:00,A,RT,F,TOTAL,C50,UK,2017,33.39,,
ESTAT:HLTH_CD_ASDR2(1.0),21/03/25 11:00:00,A,RT,F,TOTAL,C50,UK,2018,33.15,,
ESTAT:HLTH_CD_ASDR2(1.0),21/03/25 11:00:00,A,RT,F,TOTAL,C50,UK,2019,,,
ESTAT:HLTH_CD_ASDR2(1.0),21/03/25 11:00:00,A,RT,F,TOTAL,C50,UK,2020,,,
ESTAT:HLTH_CD_ASDR2(1.0),21/03/25 11:00:00,A,RT,F,TOTAL,C50,UK,2021,,,
ESTAT:HLTH_CD_ASDR2(1.0),21/03/25 11:00:00,A,RT,F,Y_GE65,C50,AT,2011,112.21,,
ESTAT:HLTH_CD_ASDR2(1.0),21/03/25 11:00:00,A,RT,F,Y_GE65,C50,AT,2012,116.24,,
ESTAT:HLTH_CD_ASDR2(1.0),21/03/25 11:00:00,A,RT,F,Y_GE65,C50,AT,2013,122.32,,
ESTAT:HLTH_CD_ASDR2(1.0),21/03/25 11:00:00,A,RT,F,Y_GE65,C50,AT,2014,114,,
ESTAT:HLTH_CD_ASDR2(1.0),21/03/25 11:00:00,A,RT,F,Y_GE65,C50,AT,2015,116.58,,
ESTAT:HLTH_CD_ASDR2(1.0),21/03/25 11:00:00,A,RT,F,Y_GE65,C50,AT,2016,116.77,,
ESTAT:HLTH_CD_ASDR2(1.0),21/03/25 11:00:00,A,RT,F,Y_GE65,C50,AT,2017,111.8,,
ESTAT:HLTH_CD_ASDR2(1.0),21/03/25 11:00:00,A,RT,F,Y_GE65,C50,AT,2018,116.42,,
ESTAT:HLTH_CD_ASDR2(1.0),21/03/25 11:00:00,A,RT,F,Y_GE65,C50,AT,2019,118.76,,
ESTAT:HLTH_CD_ASDR2(1.0),21/03/25 11:00:00,A,RT,F,Y_GE65,C50,AT,2020,121.47,,
ESTAT:HLTH_CD_ASDR2(1.0),21/03/25 11:00:00,A,RT,F,Y_GE65,C50,AT,2021,116.59,,
ESTAT:HLTH_CD_ASDR2(1.0),21/03/25 11:00:00,A,RT,F,Y_GE65,C50,BE,2011,137.58,,
ESTAT:HLTH_CD_ASDR2(1.0),21/03/25 11:00:00,A,RT,F,Y_GE65,C50,BE,2012,136.86,,
ESTAT:HLTH_CD_ASDR2(1.0),21/03/25 11:00:00,A,RT,F,Y_GE65,C50,BE,2013,133,,
ESTAT:HLTH_CD_ASDR2(1.0),21/03/25 11:00:00,A,RT,F,Y_GE65,C50,BE,2014,129.6,,
ESTAT:HLTH_CD_ASDR2(1.0),21/03/25 11:00:00,A,RT,F,Y_GE65,C50,BE,2015,120.96,,
ESTAT:HLTH_CD_ASDR2(1.0),21/03/25 11:00:00,A,RT,F,Y_GE65,C50,BE,2016,129.03,,
ESTAT:HLTH_CD_ASDR2(1.0),21/03/25 11:00:00,A,RT,F,Y_GE65,C50,BE,2017,121.32,,
ESTAT:HLTH_CD_ASDR2(1.0),21/03/25 11:00:00,A,RT,F,Y_GE65,C50,BE,2018,124.42,,
ESTAT:HLTH_CD_ASDR2(1.0),21/03/25 11:00:00,A,RT,F,Y_GE65,C50,BE,2019,113.15,,
ESTAT:HLTH_CD_ASDR2(1.0),21/03/25 11:00:00,A,RT,F,Y_GE65,C50,BE,2020,114.34,,
ESTAT:HLTH_CD_ASDR2(1.0),21/03/25 11:00:00,A,RT,F,Y_GE65,C50,BE,2021,112.94,,
ESTAT:HLTH_CD_ASDR2(1.0),21/03/25 11:00:00,A,RT,F,Y_GE65,C50,BG,2011,93.11,,
ESTAT:HLTH_CD_ASDR2(1.0),21/03/25 11:00:00,A,RT,F,Y_GE65,C50,BG,2012,99.21,,
ESTAT:HLTH_CD_ASDR2(1.0),21/03/25 11:00:00,A,RT,F,Y_GE65,C50,BG,2013,96.28,,
ESTAT:HLTH_CD_ASDR2(1.0),21/03/25 11:00:00,A,RT,F,Y_GE65,C50,BG,2014,96.49,,
ESTAT:HLTH_CD_ASDR2(1.0),21/03/25 11:00:00,A,RT,F,Y_GE65,C50,BG,2015,101.36,,
ESTAT:HLTH_CD_ASDR2(1.0),21/03/25 11:00:00,A,RT,F,Y_GE65,C50,BG,2016,94.5,,
ESTAT:HLTH_CD_ASDR2(1.0),21/03/25 11:00:00,A,RT,F,Y_GE65,C50,BG,2017,91.01,,
ESTAT:HLTH_CD_ASDR2(1.0),21/03/25 11:00:00,A,RT,F,Y_GE65,C50,BG,2018,89.3,,
ESTAT:HLTH_CD_ASDR2(1.0),21/03/25 11:00:00,A,RT,F,Y_GE65,C50,BG,2019,100.51,,
ESTAT:HLTH_CD_ASDR2(1.0),21/03/25 11:00:00,A,RT,F,Y_GE65,C50,BG,2020,109.77,,
ESTAT:HLTH_CD_ASDR2(1.0),21/03/25 11:00:00,A,RT,F,Y_GE65,C50,BG,2021,96.87,,
ESTAT:HLTH_CD_ASDR2(1.0),21/03/25 11:00:00,A,RT,F,Y_GE65,C50,CH,2011,119.53,,
ESTAT:HLTH_CD_ASDR2(1.0),21/03/25 11:00:00,A,RT,F,Y_GE65,C50,CH,2012,117.38,,
ESTAT:HLTH_CD_ASDR2(1.0),21/03/25 11:00:00,A,RT,F,Y_GE65,C50,CH,2013,112.85,,
ESTAT:HLTH_CD_ASDR2(1.0),21/03/25 11:00:00,A,RT,F,Y_GE65,C50,CH,2014,110.73,,
ESTAT:HLTH_CD_ASDR2(1.0),21/03/25 11:00:00,A,RT,F,Y_GE65,C50,CH,2015,122.33,,
ESTAT:HLTH_CD_ASDR2(1.0),21/03/25 11:00:00,A,RT,F,Y_GE65,C50,CH,2016,117.48,,
ESTAT:HLTH_CD_ASDR2(1.0),21/03/25 11:00:00,A,RT,F,Y_GE65,C50,CH,2017,108.41,,
ESTAT:HLTH_CD_ASDR2(1.0),21/03/25 11:00:00,A,RT,F,Y_GE65,C50,CH,2018,109.24,,
ESTAT:HLTH_CD_ASDR2(1.0),21/03/25 11:00:00,A,RT,F,Y_GE65,C50,CH,2019,109.74,,
ESTAT:HLTH_CD_ASDR2(1.0),21/03/25 11:00:00,A,RT,F,Y_GE65,C50,CH,2020,98,,
ESTAT:HLTH_CD_ASDR2(1.0),21/03/25 11:00:00,A,RT,F,Y_GE65,C50,CH,2021,103.02,,
ESTAT:HLTH_CD_ASDR2(1.0),21/03/25 11:00:00,A,RT,F,Y_GE65,C50,CY,2011,96.04,,
ESTAT:HLTH_CD_ASDR2(1.0),21/03/25 11:00:00,A,RT,F,Y_GE65,C50,CY,2012,100.56,,
ESTAT:HLTH_CD_ASDR2(1.0),21/03/25 11:00:00,A,RT,F,Y_GE65,C50,CY,2013,104.43,,
ESTAT:HLTH_CD_ASDR2(1.0),21/03/25 11:00:00,A,RT,F,Y_GE65,C50,CY,2014,86.1,,
ESTAT:HLTH_CD_ASDR2(1.0),21/03/25 11:00:00,A,RT,F,Y_GE65,C50,CY,2015,106.95,,
ESTAT:HLTH_CD_ASDR2(1.0),21/03/25 11:00:00,A,RT,F,Y_GE65,C50,CY,2016,103.77,,
ESTAT:HLTH_CD_ASDR2(1.0),21/03/25 11:00:00,A,RT,F,Y_GE65,C50,CY,2017,116.62,,
ESTAT:HLTH_CD_ASDR2(1.0),21/03/25 11:00:00,A,RT,F,Y_GE65,C50,CY,2018,109.67,,
ESTAT:HLTH_CD_ASDR2(1.0),21/03/25 11:00:00,A,RT,F,Y_GE65,C50,CY,2019,104.9,,
ESTAT:HLTH_CD_ASDR2(1.0),21/03/25 11:00:00,A,RT,F,Y_GE65,C50,CY,2020,97.28,,
ESTAT:HLTH_CD_ASDR2(1.0),21/03/25 11:00:00,A,RT,F,Y_GE65,C50,CY,2021,137.18,,
ESTAT:HLTH_CD_ASDR2(1.0),21/03/25 11:00:00,A,RT,F,Y_GE65,C50,CZ,2011,119.33,,
ESTAT:HLTH_CD_ASDR2(1.0),21/03/25 11:00:00,A,RT,F,Y_GE65,C50,CZ,2012,114.16,,
ESTAT:HLTH_CD_ASDR2(1.0),21/03/25 11:00:00,A,RT,F,Y_GE65,C50,CZ,2013,116.22,,
ESTAT:HLTH_CD_ASDR2(1.0),21/03/25 11:00:00,A,RT,F,Y_GE65,C50,CZ,2014,107.15,,
ESTAT:HLTH_CD_ASDR2(1.0),21/03/25 11:00:00,A,RT,F,Y_GE65,C50,CZ,2015,105.37,,
ESTAT:HLTH_CD_ASDR2(1.0),21/03/25 11:00:00,A,RT,F,Y_GE65,C50,CZ,2016,108.49,,
ESTAT:HLTH_CD_ASDR2(1.0),21/03/25 11:00:00,A,RT,F,Y_GE65,C50,CZ,2017,103.47,,
ESTAT:HLTH_CD_ASDR2(1.0),21/03/25 11:00:00,A,RT,F,Y_GE65,C50,CZ,2018,99.31,,
ESTAT:HLTH_CD_ASDR2(1.0),21/03/25 11:00:00,A,RT,F,Y_GE65,C50,CZ,2019,107.87,,
ESTAT:HLTH_CD_ASDR2(1.0),21/03/25 11:00:00,A,RT,F,Y_GE65,C50,CZ,2020,105.34,,
ESTAT:HLTH_CD_ASDR2(1.0),21/03/25 11:00:00,A,RT,F,Y_GE65,C50,CZ,2021,107.11,,
ESTAT:HLTH_CD_ASDR2(1.0),21/03/25 11:00:00,A,RT,F,Y_GE65,C50,DE,2011,126.54,,
ESTAT:HLTH_CD_ASDR2(1.0),21/03/25 11:00:00,A,RT,F,Y_GE65,C50,DE,2012,126.98,,
ESTAT:HLTH_CD_ASDR2(1.0),21/03/25 11:00:00,A,RT,F,Y_GE65,C50,DE,2013,127.07,,
ESTAT:HLTH_CD_ASDR2(1.0),21/03/25 11:00:00,A,RT,F,Y_GE65,C50,DE,2014,125.22,,
ESTAT:HLTH_CD_ASDR2(1.0),21/03/25 11:00:00,A,RT,F,Y_GE65,C50,DE,2015,128.33,,
ESTAT:HLTH_CD_ASDR2(1.0),21/03/25 11:00:00,A,RT,F,Y_GE65,C50,DE,2016,129.23,,
ESTAT:HLTH_CD_ASDR2(1.0),21/03/25 11:00:00,A,RT,F,Y_GE65,C50,DE,2017,126.79,,
ESTAT:HLTH_CD_ASDR2(1.0),21/03/25 11:00:00,A,RT,F,Y_GE65,C50,DE,2018,126.73,,
ESTAT:HLTH_CD_ASDR2(1.0),21/03/25 11:00:00,A,RT,F,Y_GE65,C50,DE,2019,124.93,,
ESTAT:HLTH_CD_ASDR2(1.0),21/03/25 11:00:00,A,RT,F,Y_GE65,C50,DE,2020,123.27,,
ESTAT:HLTH_CD_ASDR2(1.0),21/03/25 11:00:00,A,RT,F,Y_GE65,C50,DE,2021,122.6,,
ESTAT:HLTH_CD_ASDR2(1.0),21/03/25 11:00:00,A,RT,F,Y_GE65,C50,DK,2011,159.4,,
ESTAT:HLTH_CD_ASDR2(1.0),21/03/25 11:00:00,A,RT,F,Y_GE65,C50,DK,2012,146.96,,
ESTAT:HLTH_CD_ASDR2(1.0),21/03/25 11:00:00,A,RT,F,Y_GE65,C50,DK,2013,142.83,,
ESTAT:HLTH_CD_ASDR2(1.0),21/03/25 11:00:00,A,RT,F,Y_GE65,C50,DK,2014,145.92,,
ESTAT:HLTH_CD_ASDR2(1.0),21/03/25 11:00:00,A,RT,F,Y_GE65,C50,DK,2015,139.5,,
ESTAT:HLTH_CD_ASDR2(1.0),21/03/25 11:00:00,A,RT,F,Y_GE65,C50,DK,2016,139.38,,
ESTAT:HLTH_CD_ASDR2(1.0),21/03/25 11:00:00,A,RT,F,Y_GE65,C50,DK,2017,138.09,,
ESTAT:HLTH_CD_ASDR2(1.0),21/03/25 11:00:00,A,RT,F,Y_GE65,C50,DK,2018,131.69,,
ESTAT:HLTH_CD_ASDR2(1.0),21/03/25 11:00:00,A,RT,F,Y_GE65,C50,DK,2019,128.15,,
ESTAT:HLTH_CD_ASDR2(1.0),21/03/25 11:00:00,A,RT,F,Y_GE65,C50,DK,2020,125.5,,
ESTAT:HLTH_CD_ASDR2(1.0),21/03/25 11:00:00,A,RT,F,Y_GE65,C50,DK,2021,128.71,,
ESTAT:HLTH_CD_ASDR2(1.0),21/03/25 11:00:00,A,RT,F,Y_GE65,C50,EE,2011,100.44,,
ESTAT:HLTH_CD_ASDR2(1.0),21/03/25 11:00:00,A,RT,F,Y_GE65,C50,EE,2012,114.74,,
ESTAT:HLTH_CD_ASDR2(1.0),21/03/25 11:00:00,A,RT,F,Y_GE65,C50,EE,2013,84.99,,
ESTAT:HLTH_CD_ASDR2(1.0),21/03/25 11:00:00,A,RT,F,Y_GE65,C50,EE,2014,108.34,,
ESTAT:HLTH_CD_ASDR2(1.0),21/03/25 11:00:00,A,RT,F,Y_GE65,C50,EE,2015,94.09,,
ESTAT:HLTH_CD_ASDR2(1.0),21/03/25 11:00:00,A,RT,F,Y_GE65,C50,EE,2016,95.64,,
ESTAT:HLTH_CD_ASDR2(1.0),21/03/25 11:00:00,A,RT,F,Y_GE65,C50,EE,2017,110.83,,
ESTAT:HLTH_CD_ASDR2(1.0),21/03/25 11:00:00,A,RT,F,Y_GE65,C50,EE,2018,105.84,,
ESTAT:HLTH_CD_ASDR2(1.0),21/03/25 11:00:00,A,RT,F,Y_GE65,C50,EE,2019,95.67,,
ESTAT:HLTH_CD_ASDR2(1.0),21/03/25 11:00:00,A,RT,F,Y_GE65,C50,EE,2020,98.76,,
ESTAT:HLTH_CD_ASDR2(1.0),21/03/25 11:00:00,A,RT,F,Y_GE65,C50,EE,2021,100.2,,
ESTAT:HLTH_CD_ASDR2(1.0),21/03/25 11:00:00,A,RT,F,Y_GE65,C50,EL,2011,106.43,,
ESTAT:HLTH_CD_ASDR2(1.0),21/03/25 11:00:00,A,RT,F,Y_GE65,C50,EL,2012,109.9,,
ESTAT:HLTH_CD_ASDR2(1.0),21/03/25 11:00:00,A,RT,F,Y_GE65,C50,EL,2013,112.45,,
ESTAT:HLTH_CD_ASDR2(1.0),21/03/25 11:00:00,A,RT,F,Y_GE65,C50,EL,2014,109.41,,
ESTAT:HLTH_CD_ASDR2(1.0),21/03/25 11:00:00,A,RT,F,Y_GE65,C50,EL,2015,114.89,,
ESTAT:HLTH_CD_ASDR2(1.0),21/03/25 11:00:00,A,RT,F,Y_GE65,C50,EL,2016,110.31,,
ESTAT:HLTH_CD_ASDR2(1.0),21/03/25 11:00:00,A,RT,F,Y_GE65,C50,EL,2017,113.3,,
ESTAT:HLTH_CD_ASDR2(1.0),21/03/25 11:00:00,A,RT,F,Y_GE65,C50,EL,2018,111.61,,
ESTAT:HLTH_CD_ASDR2(1.0),21/03/25 11:00:00,A,RT,F,Y_GE65,C50,EL,2019,114.61,,
ESTAT:HLTH_CD_ASDR2(1.0),21/03/25 11:00:00,A,RT,F,Y_GE65,C50,EL,2020,112.1,,
ESTAT:HLTH_CD_ASDR2(1.0),21/03/25 11:00:00,A,RT,F,Y_GE65,C50,EL,2021,112.89,,
ESTAT:HLTH_CD_ASDR2(1.0),21/03/25 11:00:00,A,RT,F,Y_GE65,C50,ES,2011,79.44,,
ESTAT:HLTH_CD_ASDR2(1.0),21/03/25 11:00:00,A,RT,F,Y_GE65,C50,ES,2012,79.25,,
ESTAT:HLTH_CD_ASDR2(1.0),21/03/25 11:00:00,A,RT,F,Y_GE65,C50,ES,2013,78.4,,
ESTAT:HLTH_CD_ASDR2(1.0),21/03/25 11:00:00,A,RT,F,Y_GE65,C50,ES,2014,75.49,,
ESTAT:HLTH_CD_ASDR2(1.0),21/03/25 11:00:00,A,RT,F,Y_GE65,C50,ES,2015,74.36,,
ESTAT:HLTH_CD_ASDR2(1.0),21/03/25 11:00:00,A,RT,F,Y_GE65,C50,ES,2016,73.87,,
ESTAT:HLTH_CD_ASDR2(1.0),21/03/25 11:00:00,A,RT,F,Y_GE65,C50,ES,2017,75.11,,
ESTAT:HLTH_CD_ASDR2(1.0),21/03/25 11:00:00,A,RT,F,Y_GE65,C50,ES,2018,73.93,,
ESTAT:HLTH_CD_ASDR2(1.0),21/03/25 11:00:00,A,RT,F,Y_GE65,C50,ES,2019,72.38,,
ESTAT:HLTH_CD_ASDR2(1.0),21/03/25 11:00:00,A,RT,F,Y_GE65,C50,ES,2020,72.66,,
ESTAT:HLTH_CD_ASDR2(1.0),21/03/25 11:00:00,A,RT,F,Y_GE65,C50,ES,2021,71.32,,
ESTAT:HLTH_CD_ASDR2(1.0),21/03/25 11:00:00,A,RT,F,Y_GE65,C50,EU27_2020,2011,109.48,,
ESTAT:HLTH_CD_ASDR2(1.0),21/03/25 11:00:00,A,RT,F,Y_GE65,C50,EU27_2020,2012,109.98,,
ESTAT:HLTH_CD_ASDR2(1.0),21/03/25 11:00:00,A,RT,F,Y_GE65,C50,EU27_2020,2013,109.59,,
ESTAT:HLTH_CD_ASDR2(1.0),21/03/25 11:00:00,A,RT,F,Y_GE65,C50,EU27_2020,2014,108.35,,
ESTAT:HLTH_CD_ASDR2(1.0),21/03/25 11:00:00,A,RT,F,Y_GE65,C50,EU27_2020,2015,110.69,,
ESTAT:HLTH_CD_ASDR2(1.0),21/03/25 11:00:00,A,RT,F,Y_GE65,C50,EU27_2020,2016,110.69,,
ESTAT:HLTH_CD_ASDR2(1.0),21/03/25 11:00:00,A,RT,F,Y_GE65,C50,EU27_2020,2017,109.44,,
ESTAT:HLTH_CD_ASDR2(1.0),21/03/25 11:00:00,A,RT,F,Y_GE65,C50,EU27_2020,2018,109.33,,
ESTAT:HLTH_CD_ASDR2(1.0),21/03/25 11:00:00,A,RT,F,Y_GE65,C50,EU27_2020,2019,107.58,,
ESTAT:HLTH_CD_ASDR2(1.0),21/03/25 11:00:00,A,RT,F,Y_GE65,C50,EU27_2020,2020,108.28,,
ESTAT:HLTH_CD_ASDR2(1.0),21/03/25 11:00:00,A,RT,F,Y_GE65,C50,EU27_2020,2021,105.34,,
ESTAT:HLTH_CD_ASDR2(1.0),21/03/25 11:00:00,A,RT,F,Y_GE65,C50,FI,2011,93.88,,
ESTAT:HLTH_CD_ASDR2(1.0),21/03/25 11:00:00,A,RT,F,Y_GE65,C50,FI,2012,93.38,,
ESTAT:HLTH_CD_ASDR2(1.0),21/03/25 11:00:00,A,RT,F,Y_GE65,C50,FI,2013,95.14,,
ESTAT:HLTH_CD_ASDR2(1.0),21/03/25 11:00:00,A,RT,F,Y_GE65,C50,FI,2014,90.74,,
ESTAT:HLTH_CD_ASDR2(1.0),21/03/25 11:00:00,A,RT,F,Y_GE65,C50,FI,2015,91.12,,
ESTAT:HLTH_CD_ASDR2(1.0),21/03/25 11:00:00,A,RT,F,Y_GE65,C50,FI,2016,91.17,,
ESTAT:HLTH_CD_ASDR2(1.0),21/03/25 11:00:00,A,RT,F,Y_GE65,C50,FI,2017,96.13,,
ESTAT:HLTH_CD_ASDR2(1.0),21/03/25 11:00:00,A,RT,F,Y_GE65,C50,FI,2018,85.89,,
ESTAT:HLTH_CD_ASDR2(1.0),21/03/25 11:00:00,A,RT,F,Y_GE65,C50,FI,2019,94.01,,
ESTAT:HLTH_CD_ASDR2(1.0),21/03/25 11:00:00,A,RT,F,Y_GE65,C50,FI,2020,99.01,,
ESTAT:HLTH_CD_ASDR2(1.0),21/03/25 11:00:00,A,RT,F,Y_GE65,C50,FI,2021,92.74,,
ESTAT:HLTH_CD_ASDR2(1.0),21/03/25 11:00:00,A,RT,F,Y_GE65,C50,FR,2011,108.16,,
ESTAT:HLTH_CD_ASDR2(1.0),21/03/25 11:00:00,A,RT,F,Y_GE65,C50,FR,2012,109.91,,
ESTAT:HLTH_CD_ASDR2(1.0),21/03/25 11:00:00,A,RT,F,Y_GE65,C50,FR,2013,109.08,,
ESTAT:HLTH_CD_ASDR2(1.0),21/03/25 11:00:00,A,RT,F,Y_GE65,C50,FR,2014,108.73,,
ESTAT:HLTH_CD_ASDR2(1.0),21/03/25 11:00:00,A,RT,F,Y_GE65,C50,FR,2015,110.88,,
ESTAT:HLTH_CD_ASDR2(1.0),21/03/25 11:00:00,A,RT,F,Y_GE65,C50,FR,2016,110.26,,
ESTAT:HLTH_CD_ASDR2(1.0),21/03/25 11:00:00,A,RT,F,Y_GE65,C50,FR,2017,108.82,,
ESTAT:HLTH_CD_ASDR2(1.0),21/03/25 11:00:00,A,RT,F,Y_GE65,C50,FR,2018,106.65,,
ESTAT:HLTH_CD_ASDR2(1.0),21/03/25 11:00:00,A,RT,F,Y_GE65,C50,FR,2019,103.35,,
ESTAT:HLTH_CD_ASDR2(1.0),21/03/25 11:00:00,A,RT,F,Y_GE65,C50,FR,2020,103.69,,
ESTAT:HLTH_CD_ASDR2(1.0),21/03/25 11:00:00,A,RT,F,Y_GE65,C50,FR,2021,102.2,,
ESTAT:HLTH_CD_ASDR2(1.0),21/03/25 11:00:00,A,RT,F,Y_GE65,C50,HR,2011,138.86,,
ESTAT:HLTH_CD_ASDR2(1.0),21/03/25 11:00:00,A,RT,F,Y_GE65,C50,HR,2012,153.02,d,
ESTAT:HLTH_CD_ASDR2(1.0),21/03/25 11:00:00,A,RT,F,Y_GE65,C50,HR,2013,143.17,d,
ESTAT:HLTH_CD_ASDR2(1.0),21/03/25 11:00:00,A,RT,F,Y_GE65,C50,HR,2014,158.77,,
ESTAT:HLTH_CD_ASDR2(1.0),21/03/25 11:00:00,A,RT,F,Y_GE65,C50,HR,2015,155.54,,
ESTAT:HLTH_CD_ASDR2(1.0),21/03/25 11:00:00,A,RT,F,Y_GE65,C50,HR,2016,148.55,,
ESTAT:HLTH_CD_ASDR2(1.0),21/03/25 11:00:00,A,RT,F,Y_GE65,C50,HR,2017,117.06,,
ESTAT:HLTH_CD_ASDR2(1.0),21/03/25 11:00:00,A,RT,F,Y_GE65,C50,HR,2018,107.47,,
ESTAT:HLTH_CD_ASDR2(1.0),21/03/25 11:00:00,A,RT,F,Y_GE65,C50,HR,2019,103.98,,
ESTAT:HLTH_CD_ASDR2(1.0),21/03/25 11:00:00,A,RT,F,Y_GE65,C50,HR,2020,100.62,,
ESTAT:HLTH_CD_ASDR2(1.0),21/03/25 11:00:00,A,RT,F,Y_GE65,C50,HR,2021,92.11,,
ESTAT:HLTH_CD_ASDR2(1.0),21/03/25 11:00:00,A,RT,F,Y_GE65,C50,HU,2011,129.41,d,
ESTAT:HLTH_CD_ASDR2(1.0),21/03/25 11:00:00,A,RT,F,Y_GE65,C50,HU,2012,124.99,d,
ESTAT:HLTH_CD_ASDR2(1.0),21/03/25 11:00:00,A,RT,F,Y_GE65,C50,HU,2013,131.21,d,
ESTAT:HLTH_CD_ASDR2(1.0),21/03/25 11:00:00,A,RT,F,Y_GE65,C50,HU,2014,125.58,,
ESTAT:HLTH_CD_ASDR2(1.0),21/03/25 11:00:00,A,RT,F,Y_GE65,C50,HU,2015,132.17,,
ESTAT:HLTH_CD_ASDR2(1.0),21/03/25 11:00:00,A,RT,F,Y_GE65,C50,HU,2016,135.07,,
ESTAT:HLTH_CD_ASDR2(1.0),21/03/25 11:00:00,A,RT,F,Y_GE65,C50,HU,2017,124.19,,
ESTAT:HLTH_CD_ASDR2(1.0),21/03/25 11:00:00,A,RT,F,Y_GE65,C50,HU,2018,124.82,,
ESTAT:HLTH_CD_ASDR2(1.0),21/03/25 11:00:00,A,RT,F,Y_GE65,C50,HU,2019,129.88,,
ESTAT:HLTH_CD_ASDR2(1.0),21/03/25 11:00:00,A,RT,F,Y_GE65,C50,HU,2020,131.84,,
ESTAT:HLTH_CD_ASDR2(1.0),21/03/25 11:00:00,A,RT,F,Y_GE65,C50,HU,2021,127.36,,
ESTAT:HLTH_CD_ASDR2(1.0),21/03/25 11:00:00,A,RT,F,Y_GE65,C50,IE,2011,151.39,,
ESTAT:HLTH_CD_ASDR2(1.0),21/03/25 11:00:00,A,RT,F,Y_GE65,C50,IE,2012,133.47,,
ESTAT:HLTH_CD_ASDR2(1.0),21/03/25 11:00:00,A,RT,F,Y_GE65,C50,IE,2013,142.52,,
ESTAT:HLTH_CD_ASDR2(1.0),21/03/25 11:00:00,A,RT,F,Y_GE65,C50,IE,2014,141.51,,
ESTAT:HLTH_CD_ASDR2(1.0),21/03/25 11:00:00,A,RT,F,Y_GE65,C50,IE,2015,126.18,,
ESTAT:HLTH_CD_ASDR2(1.0),21/03/25 11:00:00,A,RT,F,Y_GE65,C50,IE,2016,142.03,,
ESTAT:HLTH_CD_ASDR2(1.0),21/03/25 11:00:00,A,RT,F,Y_GE65,C50,IE,2017,130,,
ESTAT:HLTH_CD_ASDR2(1.0),21/03/25 11:00:00,A,RT,F,Y_GE65,C50,IE,2018,135.63,,
ESTAT:HLTH_CD_ASDR2(1.0),21/03/25 11:00:00,A,RT,F,Y_GE65,C50,IE,2019,122.05,,
ESTAT:HLTH_CD_ASDR2(1.0),21/03/25 11:00:00,A,RT,F,Y_GE65,C50,IE,2020,127.79,,
ESTAT:HLTH_CD_ASDR2(1.0),21/03/25 11:00:00,A,RT,F,Y_GE65,C50,IE,2021,116.52,,
ESTAT:HLTH_CD_ASDR2(1.0),21/03/25 11:00:00,A,RT,F,Y_GE65,C50,IS,2011,91.76,,
ESTAT:HLTH_CD_ASDR2(1.0),21/03/25 11:00:00,A,RT,F,Y_GE65,C50,IS,2012,120.89,,
ESTAT:HLTH_CD_ASDR2(1.0),21/03/25 11:00:00,A,RT,F,Y_GE65,C50,IS,2013,163.77,,
ESTAT:HLTH_CD_ASDR2(1.0),21/03/25 11:00:00,A,RT,F,Y_GE65,C50,IS,2014,139.74,,
ESTAT:HLTH_CD_ASDR2(1.0),21/03/25 11:00:00,A,RT,F,Y_GE65,C50,IS,2015,135.02,,
ESTAT:HLTH_CD_ASDR2(1.0),21/03/25 11:00:00,A,RT,F,Y_GE65,C50,IS,2016,154.03,,
ESTAT:HLTH_CD_ASDR2(1.0),21/03/25 11:00:00,A,RT,F,Y_GE65,C50,IS,2017,116.16,,
ESTAT:HLTH_CD_ASDR2(1.0),21/03/25 11:00:00,A,RT,F,Y_GE65,C50,IS,2018,90.82,,
ESTAT:HLTH_CD_ASDR2(1.0),21/03/25 11:00:00,A,RT,F,Y_GE65,C50,IS,2019,129.68,,
ESTAT:HLTH_CD_ASDR2(1.0),21/03/25 11:00:00,A,RT,F,Y_GE65,C50,IS,2020,93.61,,
ESTAT:HLTH_CD_ASDR2(1.0),21/03/25 11:00:00,A,RT,F,Y_GE65,C50,IS,2021,100.95,,
ESTAT:HLTH_CD_ASDR2(1.0),21/03/25 11:00:00,A,RT,F,Y_GE65,C50,IT,2011,109.56,,
ESTAT:HLTH_CD_ASDR2(1.0),21/03/25 11:00:00,A,RT,F,Y_GE65,C50,IT,2012,107.59,,
ESTAT:HLTH_CD_ASDR2(1.0),21/03/25 11:00:00,A,RT,F,Y_GE65,C50,IT,2013,104.51,,
ESTAT:HLTH_CD_ASDR2(1.0),21/03/25 11:00:00,A,RT,F,Y_GE65,C50,IT,2014,105.06,,
ESTAT:HLTH_CD_ASDR2(1.0),21/03/25 11:00:00,A,RT,F,Y_GE65,C50,IT,2015,106.36,,
ESTAT:HLTH_CD_ASDR2(1.0),21/03/25 11:00:00,A,RT,F,Y_GE65,C50,IT,2016,108.08,,
ESTAT:HLTH_CD_ASDR2(1.0),21/03/25 11:00:00,A,RT,F,Y_GE65,C50,IT,2017,107.5,,
ESTAT:HLTH_CD_ASDR2(1.0),21/03/25 11:00:00,A,RT,F,Y_GE65,C50,IT,2018,108.46,,
ESTAT:HLTH_CD_ASDR2(1.0),21/03/25 11:00:00,A,RT,F,Y_GE65,C50,IT,2019,105.45,,
ESTAT:HLTH_CD_ASDR2(1.0),21/03/25 11:00:00,A,RT,F,Y_GE65,C50,IT,2020,107.98,,
ESTAT:HLTH_CD_ASDR2(1.0),21/03/25 11:00:00,A,RT,F,Y_GE65,C50,IT,2021,103.88,,
ESTAT:HLTH_CD_ASDR2(1.0),21/03/25 11:00:00,A,RT,F,Y_GE65,C50,LI,2011,131.63,,
ESTAT:HLTH_CD_ASDR2(1.0),21/03/25 11:00:00,A,RT,F,Y_GE65,C50,LI,2012,95.51,,
ESTAT:HLTH_CD_ASDR2(1.0),21/03/25 11:00:00,A,RT,F,Y_GE65,C50,LI,2013,126.44,,
ESTAT:HLTH_CD_ASDR2(1.0),21/03/25 11:00:00,A,RT,F,Y_GE65,C50,LI,2014,129.76,,
ESTAT:HLTH_CD_ASDR2(1.0),21/03/25 11:00:00,A,RT,F,Y_GE65,C50,LI,2015,86.45,,
ESTAT:HLTH_CD_ASDR2(1.0),21/03/25 11:00:00,A,RT,F,Y_GE65,C50,LI,2016,32.59,,
ESTAT:HLTH_CD_ASDR2(1.0),21/03/25 11:00:00,A,RT,F,Y_GE65,C50,LI,2017,86.18,,
ESTAT:HLTH_CD_ASDR2(1.0),21/03/25 11:00:00,A,RT,F,Y_GE65,C50,LI,2018,57,,
ESTAT:HLTH_CD_ASDR2(1.0),21/03/25 11:00:00,A,RT,F,Y_GE65,C50,LI,2019,133.61,,
ESTAT:HLTH_CD_ASDR2(1.0),21/03/25 11:00:00,A,RT,F,Y_GE65,C50,LI,2020,157.39,,
ESTAT:HLTH_CD_ASDR2(1.0),21/03/25 11:00:00,A,RT,F,Y_GE65,C50,LI,2021,106.28,,
ESTAT:HLTH_CD_ASDR2(1.0),21/03/25 11:00:00,A,RT,F,Y_GE65,C50,LT,2011,80.04,,
ESTAT:HLTH_CD_ASDR2(1.0),21/03/25 11:00:00,A,RT,F,Y_GE65,C50,LT,2012,88.56,,
ESTAT:HLTH_CD_ASDR2(1.0),21/03/25 11:00:00,A,RT,F,Y_GE65,C50,LT,2013,94.32,,
ESTAT:HLTH_CD_ASDR2(1.0),21/03/25 11:00:00,A,RT,F,Y_GE65,C50,LT,2014,83.48,,
ESTAT:HLTH_CD_ASDR2(1.0),21/03/25 11:00:00,A,RT,F,Y_GE65,C50,LT,2015,95.11,,
ESTAT:HLTH_CD_ASDR2(1.0),21/03/25 11:00:00,A,RT,F,Y_GE65,C50,LT,2016,81.2,,
ESTAT:HLTH_CD_ASDR2(1.0),21/03/25 11:00:00,A,RT,F,Y_GE65,C50,LT,2017,85.17,,
ESTAT:HLTH_CD_ASDR2(1.0),21/03/25 11:00:00,A,RT,F,Y_GE65,C50,LT,2018,88.27,,
ESTAT:HLTH_CD_ASDR2(1.0),21/03/25 11:00:00,A,RT,F,Y_GE65,C50,LT,2019,92.6,,
ESTAT:HLTH_CD_ASDR2(1.0),21/03/25 11:00:00,A,RT,F,Y_GE65,C50,LT,2020,97.8,,
ESTAT:HLTH_CD_ASDR2(1.0),21/03/25 11:00:00,A,RT,F,Y_GE65,C50,LT,2021,92.55,,
ESTAT:HLTH_CD_ASDR2(1.0),21/03/25 11:00:00,A,RT,F,Y_GE65,C50,LU,2011,127.59,,
ESTAT:HLTH_CD_ASDR2(1.0),21/03/25 11:00:00,A,RT,F,Y_GE65,C50,LU,2012,115.69,,
ESTAT:HLTH_CD_ASDR2(1.0),21/03/25 11:00:00,A,RT,F,Y_GE65,C50,LU,2013,136.3,,
ESTAT:HLTH_CD_ASDR2(1.0),21/03/25 11:00:00,A,RT,F,Y_GE65,C50,LU,2014,133.75,,
ESTAT:HLTH_CD_ASDR2(1.0),21/03/25 11:00:00,A,RT,F,Y_GE65,C50,LU,2015,124.72,,
ESTAT:HLTH_CD_ASDR2(1.0),21/03/25 11:00:00,A,RT,F,Y_GE65,C50,LU,2016,141.54,,
ESTAT:HLTH_CD_ASDR2(1.0),21/03/25 11:00:00,A,RT,F,Y_GE65,C50,LU,2017,146.42,,
ESTAT:HLTH_CD_ASDR2(1.0),21/03/25 11:00:00,A,RT,F,Y_GE65,C50,LU,2018,132.91,,
ESTAT:HLTH_CD_ASDR2(1.0),21/03/25 11:00:00,A,RT,F,Y_GE65,C50,LU,2019,131.91,,
ESTAT:HLTH_CD_ASDR2(1.0),21/03/25 11:00:00,A,RT,F,Y_GE65,C50,LU,2020,145.53,,
ESTAT:HLTH_CD_ASDR2(1.0),21/03/25 11:00:00,A,RT,F,Y_GE65,C50,LU,2021,120.56,,
ESTAT:HLTH_CD_ASDR2(1.0),21/03/25 11:00:00,A,RT,F,Y_GE65,C50,LV,2011,103.94,,
ESTAT:HLTH_CD_ASDR2(1.0),21/03/25 11:00:00,A,RT,F,Y_GE65,C50,LV,2012,94.55,,
ESTAT:HLTH_CD_ASDR2(1.0),21/03/25 11:00:00,A,RT,F,Y_GE65,C50,LV,2013,110.45,,
ESTAT:HLTH_CD_ASDR2(1.0),21/03/25 11:00:00,A,RT,F,Y_GE65,C50,LV,2014,109.2,,
ESTAT:HLTH_CD_ASDR2(1.0),21/03/25 11:00:00,A,RT,F,Y_GE65,C50,LV,2015,109.24,,
ESTAT:HLTH_CD_ASDR2(1.0),21/03/25 11:00:00,A,RT,F,Y_GE65,C50,LV,2016,112.89,,
ESTAT:HLTH_CD_ASDR2(1.0),21/03/25 11:00:00,A,RT,F,Y_GE65,C50,LV,2017,115.96,,
ESTAT:HLTH_CD_ASDR2(1.0),21/03/25 11:00:00,A,RT,F,Y_GE65,C50,LV,2018,107.32,,
ESTAT:HLTH_CD_ASDR2(1.0),21/03/25 11:00:00,A,RT,F,Y_GE65,C50,LV,2019,104.64,,
ESTAT:HLTH_CD_ASDR2(1.0),21/03/25 11:00:00,A,RT,F,Y_GE65,C50,LV,2020,112.63,,
ESTAT:HLTH_CD_ASDR2(1.0),21/03/25 11:00:00,A,RT,F,Y_GE65,C50,LV,2021,115.67,,
ESTAT:HLTH_CD_ASDR2(1.0),21/03/25 11:00:00,A,RT,F,Y_GE65,C50,MT,2011,150.29,,
ESTAT:HLTH_CD_ASDR2(1.0),21/03/25 11:00:00,A,RT,F,Y_GE65,C50,MT,2012,136.76,,
ESTAT:HLTH_CD_ASDR2(1.0),21/03/25 11:00:00,A,RT,F,Y_GE65,C50,MT,2013,151.27,,
ESTAT:HLTH_CD_ASDR2(1.0),21/03/25 11:00:00,A,RT,F,Y_GE65,C50,MT,2014,133.49,,
ESTAT:HLTH_CD_ASDR2(1.0),21/03/25 11:00:00,A,RT,F,Y_GE65,C50,MT,2015,129.89,,
ESTAT:HLTH_CD_ASDR2(1.0),21/03/25 11:00:00,A,RT,F,Y_GE65,C50,MT,2016,111.34,,
ESTAT:HLTH_CD_ASDR2(1.0),21/03/25 11:00:00,A,RT,F,Y_GE65,C50,MT,2017,93.68,,
ESTAT:HLTH_CD_ASDR2(1.0),21/03/25 11:00:00,A,RT,F,Y_GE65,C50,MT,2018,136.24,,
ESTAT:HLTH_CD_ASDR2(1.0),21/03/25 11:00:00,A,RT,F,Y_GE65,C50,MT,2019,108.25,,
ESTAT:HLTH_CD_ASDR2(1.0),21/03/25 11:00:00,A,RT,F,Y_GE65,C50,MT,2020,132.5,,
ESTAT:HLTH_CD_ASDR2(1.0),21/03/25 11:00:00,A,RT,F,Y_GE65,C50,MT,2021,116,,
ESTAT:HLTH_CD_ASDR2(1.0),21/03/25 11:00:00,A,RT,F,Y_GE65,C50,NL,2011,126,,
ESTAT:HLTH_CD_ASDR2(1.0),21/03/25 11:00:00,A,RT,F,Y_GE65,C50,NL,2012,125.71,,
ESTAT:HLTH_CD_ASDR2(1.0),21/03/25 11:00:00,A,RT,F,Y_GE65,C50,NL,2013,125.83,,
ESTAT:HLTH_CD_ASDR2(1.0),21/03/25 11:00:00,A,RT,F,Y_GE65,C50,NL,2014,119.29,,
ESTAT:HLTH_CD_ASDR2(1.0),21/03/25 11:00:00,A,RT,F,Y_GE65,C50,NL,2015,127.61,,
ESTAT:HLTH_CD_ASDR2(1.0),21/03/25 11:00:00,A,RT,F,Y_GE65,C50,NL,2016,116.93,,
ESTAT:HLTH_CD_ASDR2(1.0),21/03/25 11:00:00,A,RT,F,Y_GE65,C50,NL,2017,115.13,,
ESTAT:HLTH_CD_ASDR2(1.0),21/03/25 11:00:00,A,RT,F,Y_GE65,C50,NL,2018,115.45,,
ESTAT:HLTH_CD_ASDR2(1.0),21/03/25 11:00:00,A,RT,F,Y_GE65,C50,NL,2019,113.61,,
ESTAT:HLTH_CD_ASDR2(1.0),21/03/25 11:00:00,A,RT,F,Y_GE65,C50,NL,2020,111.61,,
ESTAT:HLTH_CD_ASDR2(1.0),21/03/25 11:00:00,A,RT,F,Y_GE65,C50,NL,2021,113.18,,
ESTAT:HLTH_CD_ASDR2(1.0),21/03/25 11:00:00,A,RT,F,Y_GE65,C50,NO,2011,80.13,,
ESTAT:HLTH_CD_ASDR2(1.0),21/03/25 11:00:00,A,RT,F,Y_GE65,C50,NO,2012,96.96,,
ESTAT:HLTH_CD_ASDR2(1.0),21/03/25 11:00:00,A,RT,F,Y_GE65,C50,NO,2013,85.88,,
ESTAT:HLTH_CD_ASDR2(1.0),21/03/25 11:00:00,A,RT,F,Y_GE65,C50,NO,2014,93.92,,
ESTAT:HLTH_CD_ASDR2(1.0),21/03/25 11:00:00,A,RT,F,Y_GE65,C50,NO,2015,81,,
ESTAT:HLTH_CD_ASDR2(1.0),21/03/25 11:00:00,A,RT,F,Y_GE65,C50,NO,2016,84.33,,
ESTAT:HLTH_CD_ASDR2(1.0),21/03/25 11:00:00,A,RT,F,Y_GE65,C50,NO,2017,80.52,,
ESTAT:HLTH_CD_ASDR2(1.0),21/03/25 11:00:00,A,RT,F,Y_GE65,C50,NO,2018,87.48,,
ESTAT:HLTH_CD_ASDR2(1.0),21/03/25 11:00:00,A,RT,F,Y_GE65,C50,NO,2019,76.92,,
ESTAT:HLTH_CD_ASDR2(1.0),21/03/25 11:00:00,A,RT,F,Y_GE65,C50,NO,2020,76.52,,
ESTAT:HLTH_CD_ASDR2(1.0),21/03/25 11:00:00,A,RT,F,Y_GE65,C50,NO,2021,76.06,,
ESTAT:HLTH_CD_ASDR2(1.0),21/03/25 11:00:00,A,RT,F,Y_GE65,C50,PL,2011,88.78,,
ESTAT:HLTH_CD_ASDR2(1.0),21/03/25 11:00:00,A,RT,F,Y_GE65,C50,PL,2012,92.25,,
ESTAT:HLTH_CD_ASDR2(1.0),21/03/25 11:00:00,A,RT,F,Y_GE65,C50,PL,2013,93.46,,
ESTAT:HLTH_CD_ASDR2(1.0),21/03/25 11:00:00,A,RT,F,Y_GE65,C50,PL,2014,96.31,,
ESTAT:HLTH_CD_ASDR2(1.0),21/03/25 11:00:00,A,RT,F,Y_GE65,C50,PL,2015,104.57,,
ESTAT:HLTH_CD_ASDR2(1.0),21/03/25 11:00:00,A,RT,F,Y_GE65,C50,PL,2016,107.02,,
ESTAT:HLTH_CD_ASDR2(1.0),21/03/25 11:00:00,A,RT,F,Y_GE65,C50,PL,2017,110.16,,
ESTAT:HLTH_CD_ASDR2(1.0),21/03/25 11:00:00,A,RT,F,Y_GE65,C50,PL,2018,112.82,,
ESTAT:HLTH_CD_ASDR2(1.0),21/03/25 11:00:00,A,RT,F,Y_GE65,C50,PL,2019,113.14,,
ESTAT:HLTH_CD_ASDR2(1.0),21/03/25 11:00:00,A,RT,F,Y_GE65,C50,PL,2020,114,,
ESTAT:HLTH_CD_ASDR2(1.0),21/03/25 11:00:00,A,RT,F,Y_GE65,C50,PL,2021,104.2,,
ESTAT:HLTH_CD_ASDR2(1.0),21/03/25 11:00:00,A,RT,F,Y_GE65,C50,PT,2011,85.14,,
ESTAT:HLTH_CD_ASDR2(1.0),21/03/25 11:00:00,A,RT,F,Y_GE65,C50,PT,2012,90.23,,
ESTAT:HLTH_CD_ASDR2(1.0),21/03/25 11:00:00,A,RT,F,Y_GE65,C50,PT,2013,85.38,,
ESTAT:HLTH_CD_ASDR2(1.0),21/03/25 11:00:00,A,RT,F,Y_GE65,C50,PT,2014,87.51,,
ESTAT:HLTH_CD_ASDR2(1.0),21/03/25 11:00:00,A,RT,F,Y_GE65,C50,PT,2015,86.49,,
ESTAT:HLTH_CD_ASDR2(1.0),21/03/25 11:00:00,A,RT,F,Y_GE65,C50,PT,2016,88.7,,
ESTAT:HLTH_CD_ASDR2(1.0),21/03/25 11:00:00,A,RT,F,Y_GE65,C50,PT,2017,84.45,,
ESTAT:HLTH_CD_ASDR2(1.0),21/03/25 11:00:00,A,RT,F,Y_GE65,C50,PT,2018,87.95,,
ESTAT:HLTH_CD_ASDR2(1.0),21/03/25 11:00:00,A,RT,F,Y_GE65,C50,PT,2019,88.22,,
ESTAT:HLTH_CD_ASDR2(1.0),21/03/25 11:00:00,A,RT,F,Y_GE65,C50,PT,2020,86.55,,
ESTAT:HLTH_CD_ASDR2(1.0),21/03/25 11:00:00,A,RT,F,Y_GE65,C50,PT,2021,79.11,,
ESTAT:HLTH_CD_ASDR2(1.0),21/03/25 11:00:00,A,RT,F,Y_GE65,C50,RO,2011,91.65,,
ESTAT:HLTH_CD_ASDR2(1.0),21/03/25 11:00:00,A,RT,F,Y_GE65,C50,RO,2012,90.78,,
ESTAT:HLTH_CD_ASDR2(1.0),21/03/25 11:00:00,A,RT,F,Y_GE65,C50,RO,2013,94.12,,
ESTAT:HLTH_CD_ASDR2(1.0),21/03/25 11:00:00,A,RT,F,Y_GE65,C50,RO,2014,97.11,,
ESTAT:HLTH_CD_ASDR2(1.0),21/03/25 11:00:00,A,RT,F,Y_GE65,C50,RO,2015,101.21,,
ESTAT:HLTH_CD_ASDR2(1.0),21/03/25 11:00:00,A,RT,F,Y_GE65,C50,RO,2016,100.38,,
ESTAT:HLTH_CD_ASDR2(1.0),21/03/25 11:00:00,A,RT,F,Y_GE65,C50,RO,2017,104.07,,
ESTAT:HLTH_CD_ASDR2(1.0),21/03/25 11:00:00,A,RT,F,Y_GE65,C50,RO,2018,106.01,,
ESTAT:HLTH_CD_ASDR2(1.0),21/03/25 11:00:00,A,RT,F,Y_GE65,C50,RO,2019,101.17,,
ESTAT:HLTH_CD_ASDR2(1.0),21/03/25 11:00:00,A,RT,F,Y_GE65,C50,RO,2020,104.01,,
ESTAT:HLTH_CD_ASDR2(1.0),21/03/25 11:00:00,A,RT,F,Y_GE65,C50,RO,2021,101.47,,
ESTAT:HLTH_CD_ASDR2(1.0),21/03/25 11:00:00,A,RT,F,Y_GE65,C50,RS,2011,132.88,,
ESTAT:HLTH_CD_ASDR2(1.0),21/03/25 11:00:00,A,RT,F,Y_GE65,C50,RS,2012,129.05,,
ESTAT:HLTH_CD_ASDR2(1.0),21/03/25 11:00:00,A,RT,F,Y_GE65,C50,RS,2013,134.15,,
ESTAT:HLTH_CD_ASDR2(1.0),21/03/25 11:00:00,A,RT,F,Y_GE65,C50,RS,2014,133.34,,
ESTAT:HLTH_CD_ASDR2(1.0),21/03/25 11:00:00,A,RT,F,Y_GE65,C50,RS,2015,138.51,,
ESTAT:HLTH_CD_ASDR2(1.0),21/03/25 11:00:00,A,RT,F,Y_GE65,C50,RS,2016,141.51,,
ESTAT:HLTH_CD_ASDR2(1.0),21/03/25 11:00:00,A,RT,F,Y_GE65,C50,RS,2017,143.64,,
ESTAT:HLTH_CD_ASDR2(1.0),21/03/25 11:00:00,A,RT,F,Y_GE65,C50,RS,2018,137.1,,
ESTAT:HLTH_CD_ASDR2(1.0),21/03/25 11:00:00,A,RT,F,Y_GE65,C50,RS,2019,138.76,,
ESTAT:HLTH_CD_ASDR2(1.0),21/03/25 11:00:00,A,RT,F,Y_GE65,C50,RS,2020,149.01,,
ESTAT:HLTH_CD_ASDR2(1.0),21/03/25 11:00:00,A,RT,F,Y_GE65,C50,RS,2021,146.54,,
ESTAT:HLTH_CD_ASDR2(1.0),21/03/25 11:00:00,A,RT,F,Y_GE65,C50,SE,2011,90.54,,
ESTAT:HLTH_CD_ASDR2(1.0),21/03/25 11:00:00,A,RT,F,Y_GE65,C50,SE,2012,96.47,,
ESTAT:HLTH_CD_ASDR2(1.0),21/03/25 11:00:00,A,RT,F,Y_GE65,C50,SE,2013,97.48,,
ESTAT:HLTH_CD_ASDR2(1.0),21/03/25 11:00:00,A,RT,F,Y_GE65,C50,SE,2014,93.82,,
ESTAT:HLTH_CD_ASDR2(1.0),21/03/25 11:00:00,A,RT,F,Y_GE65,C50,SE,2015,96.75,,
ESTAT:HLTH_CD_ASDR2(1.0),21/03/25 11:00:00,A,RT,F,Y_GE65,C50,SE,2016,92.17,,
ESTAT:HLTH_CD_ASDR2(1.0),21/03/25 11:00:00,A,RT,F,Y_GE65,C50,SE,2017,92.92,,
ESTAT:HLTH_CD_ASDR2(1.0),21/03/25 11:00:00,A,RT,F,Y_GE65,C50,SE,2018,95.29,,
ESTAT:HLTH_CD_ASDR2(1.0),21/03/25 11:00:00,A,RT,F,Y_GE65,C50,SE,2019,85.36,,
ESTAT:HLTH_CD_ASDR2(1.0),21/03/25 11:00:00,A,RT,F,Y_GE65,C50,SE,2020,88.87,,
ESTAT:HLTH_CD_ASDR2(1.0),21/03/25 11:00:00,A,RT,F,Y_GE65,C50,SE,2021,83.55,,
ESTAT:HLTH_CD_ASDR2(1.0),21/03/25 11:00:00,A,RT,F,Y_GE65,C50,SI,2011,130.07,,
ESTAT:HLTH_CD_ASDR2(1.0),21/03/25 11:00:00,A,RT,F,Y_GE65,C50,SI,2012,128.94,,
ESTAT:HLTH_CD_ASDR2(1.0),21/03/25 11:00:00,A,RT,F,Y_GE65,C50,SI,2013,131.55,,
ESTAT:HLTH_CD_ASDR2(1.0),21/03/25 11:00:00,A,RT,F,Y_GE65,C50,SI,2014,123.8,,
ESTAT:HLTH_CD_ASDR2(1.0),21/03/25 11:00:00,A,RT,F,Y_GE65,C50,SI,2015,129.98,,
ESTAT:HLTH_CD_ASDR2(1.0),21/03/25 11:00:00,A,RT,F,Y_GE65,C50,SI,2016,121.17,,
ESTAT:HLTH_CD_ASDR2(1.0),21/03/25 11:00:00,A,RT,F,Y_GE65,C50,SI,2017,132.28,,
ESTAT:HLTH_CD_ASDR2(1.0),21/03/25 11:00:00,A,RT,F,Y_GE65,C50,SI,2018,142.14,,
ESTAT:HLTH_CD_ASDR2(1.0),21/03/25 11:00:00,A,RT,F,Y_GE65,C50,SI,2019,125.17,,
ESTAT:HLTH_CD_ASDR2(1.0),21/03/25 11:00:00,A,RT,F,Y_GE65,C50,SI,2020,141.71,,
ESTAT:HLTH_CD_ASDR2(1.0),21/03/25 11:00:00,A,RT,F,Y_GE65,C50,SI,2021,125.69,,
ESTAT:HLTH_CD_ASDR2(1.0),21/03/25 11:00:00,A,RT,F,Y_GE65,C50,SK,2011,134.88,,
ESTAT:HLTH_CD_ASDR2(1.0),21/03/25 11:00:00,A,RT,F,Y_GE65,C50,SK,2012,126.39,,
ESTAT:HLTH_CD_ASDR2(1.0),21/03/25 11:00:00,A,RT,F,Y_GE65,C50,SK,2013,143.2,,
ESTAT:HLTH_CD_ASDR2(1.0),21/03/25 11:00:00,A,RT,F,Y_GE65,C50,SK,2014,124.95,,
ESTAT:HLTH_CD_ASDR2(1.0),21/03/25 11:00:00,A,RT,F,Y_GE65,C50,SK,2015,144.76,,
ESTAT:HLTH_CD_ASDR2(1.0),21/03/25 11:00:00,A,RT,F,Y_GE65,C50,SK,2016,142.59,,
ESTAT:HLTH_CD_ASDR2(1.0),21/03/25 11:00:00,A,RT,F,Y_GE65,C50,SK,2017,142.08,,
ESTAT:HLTH_CD_ASDR2(1.0),21/03/25 11:00:00,A,RT,F,Y_GE65,C50,SK,2018,141.54,,
ESTAT:HLTH_CD_ASDR2(1.0),21/03/25 11:00:00,A,RT,F,Y_GE65,C50,SK,2019,132.59,,
ESTAT:HLTH_CD_ASDR2(1.0),21/03/25 11:00:00,A,RT,F,Y_GE65,C50,SK,2020,147.71,,
ESTAT:HLTH_CD_ASDR2(1.0),21/03/25 11:00:00,A,RT,F,Y_GE65,C50,SK,2021,136.28,,
ESTAT:HLTH_CD_ASDR2(1.0),21/03/25 11:00:00,A,RT,F,Y_GE65,C50,TR,2011,41.41,d,
ESTAT:HLTH_CD_ASDR2(1.0),21/03/25 11:00:00,A,RT,F,Y_GE65,C50,TR,2012,38.47,d,
ESTAT:HLTH_CD_ASDR2(1.0),21/03/25 11:00:00,A,RT,F,Y_GE65,C50,TR,2013,43.6,d,
ESTAT:HLTH_CD_ASDR2(1.0),21/03/25 11:00:00,A,RT,F,Y_GE65,C50,TR,2014,43.09,d,
ESTAT:HLTH_CD_ASDR2(1.0),21/03/25 11:00:00,A,RT,F,Y_GE65,C50,TR,2015,44.52,d,
ESTAT:HLTH_CD_ASDR2(1.0),21/03/25 11:00:00,A,RT,F,Y_GE65,C50,TR,2016,44.8,d,
ESTAT:HLTH_CD_ASDR2(1.0),21/03/25 11:00:00,A,RT,F,Y_GE65,C50,TR,2017,44.57,d,
ESTAT:HLTH_CD_ASDR2(1.0),21/03/25 11:00:00,A,RT,F,Y_GE65,C50,TR,2018,45.37,d,
ESTAT:HLTH_CD_ASDR2(1.0),21/03/25 11:00:00,A,RT,F,Y_GE65,C50,TR,2019,43.01,d,
ESTAT:HLTH_CD_ASDR2(1.0),21/03/25 11:00:00,A,RT,F,Y_GE65,C50,TR,2020,45.54,d,
ESTAT:HLTH_CD_ASDR2(1.0),21/03/25 11:00:00,A,RT,F,Y_GE65,C50,TR,2021,44.81,d,
ESTAT:HLTH_CD_ASDR2(1.0),21/03/25 11:00:00,A,RT,F,Y_GE65,C50,UK,2011,122.12,d,
ESTAT:HLTH_CD_ASDR2(1.0),21/03/25 11:00:00,A,RT,F,Y_GE65,C50,UK,2012,122.64,,
ESTAT:HLTH_CD_ASDR2(1.0),21/03/25 11:00:00,A,RT,F,Y_GE65,C50,UK,2013,118.29,,
ESTAT:HLTH_CD_ASDR2(1.0),21/03/25 11:00:00,A,RT,F,Y_GE65,C50,UK,2014,117.79,,
ESTAT:HLTH_CD_ASDR2(1.0),21/03/25 11:00:00,A,RT,F,Y_GE65,C50,UK,2015,117.22,,
ESTAT:HLTH_CD_ASDR2(1.0),21/03/25 11:00:00,A,RT,F,Y_GE65,C50,UK,2016,116.73,,
ESTAT:HLTH_CD_ASDR2(1.0),21/03/25 11:00:00,A,RT,F,Y_GE65,C50,UK,2017,114.76,,
ESTAT:HLTH_CD_ASDR2(1.0),21/03/25 11:00:00,A,RT,F,Y_GE65,C50,UK,2018,112.89,,
ESTAT:HLTH_CD_ASDR2(1.0),21/03/25 11:00:00,A,RT,F,Y_GE65,C50,UK,2019,,,
ESTAT:HLTH_CD_ASDR2(1.0),21/03/25 11:00:00,A,RT,F,Y_GE65,C50,UK,2020,,,
ESTAT:HLTH_CD_ASDR2(1.0),21/03/25 11:00:00,A,RT,F,Y_GE65,C50,UK,2021,,,
ESTAT:HLTH_CD_ASDR2(1.0),21/03/25 11:00:00,A,RT,F,Y_LT65,C50,AT,2011,13,,
ESTAT:HLTH_CD_ASDR2(1.0),21/03/25 11:00:00,A,RT,F,Y_LT65,C50,AT,2012,12.57,,
ESTAT:HLTH_CD_ASDR2(1.0),21/03/25 11:00:00,A,RT,F,Y_LT65,C50,AT,2013,12.01,,
ESTAT:HLTH_CD_ASDR2(1.0),21/03/25 11:00:00,A,RT,F,Y_LT65,C50,AT,2014,12.64,,
ESTAT:HLTH_CD_ASDR2(1.0),21/03/25 11:00:00,A,RT,F,Y_LT65,C50,AT,2015,12.13,,
ESTAT:HLTH_CD_ASDR2(1.0),21/03/25 11:00:00,A,RT,F,Y_LT65,C50,AT,2016,12,,
ESTAT:HLTH_CD_ASDR2(1.0),21/03/25 11:00:00,A,RT,F,Y_LT65,C50,AT,2017,12.12,,
ESTAT:HLTH_CD_ASDR2(1.0),21/03/25 11:00:00,A,RT,F,Y_LT65,C50,AT,2018,11.97,,
ESTAT:HLTH_CD_ASDR2(1.0),21/03/25 11:00:00,A,RT,F,Y_LT65,C50,AT,2019,11.1,,
ESTAT:HLTH_CD_ASDR2(1.0),21/03/25 11:00:00,A,RT,F,Y_LT65,C50,AT,2020,9.99,,
ESTAT:HLTH_CD_ASDR2(1.0),21/03/25 11:00:00,A,RT,F,Y_LT65,C50,AT,2021,10.37,,
ESTAT:HLTH_CD_ASDR2(1.0),21/03/25 11:00:00,A,RT,F,Y_LT65,C50,BE,2011,17.96,,
ESTAT:HLTH_CD_ASDR2(1.0),21/03/25 11:00:00,A,RT,F,Y_LT65,C50,BE,2012,15.31,,
ESTAT:HLTH_CD_ASDR2(1.0),21/03/25 11:00:00,A,RT,F,Y_LT65,C50,BE,2013,15.92,,
ESTAT:HLTH_CD_ASDR2(1.0),21/03/25 11:00:00,A,RT,F,Y_LT65,C50,BE,2014,14.62,,
ESTAT:HLTH_CD_ASDR2(1.0),21/03/25 11:00:00,A,RT,F,Y_LT65,C50,BE,2015,14.46,,
ESTAT:HLTH_CD_ASDR2(1.0),21/03/25 11:00:00,A,RT,F,Y_LT65,C50,BE,2016,13.22,,
ESTAT:HLTH_CD_ASDR2(1.0),21/03/25 11:00:00,A,RT,F,Y_LT65,C50,BE,2017,13.65,,
ESTAT:HLTH_CD_ASDR2(1.0),21/03/25 11:00:00,A,RT,F,Y_LT65,C50,BE,2018,13.09,,
ESTAT:HLTH_CD_ASDR2(1.0),21/03/25 11:00:00,A,RT,F,Y_LT65,C50,BE,2019,12.01,,
ESTAT:HLTH_CD_ASDR2(1.0),21/03/25 11:00:00,A,RT,F,Y_LT65,C50,BE,2020,11.46,,
ESTAT:HLTH_CD_ASDR2(1.0),21/03/25 11:00:00,A,RT,F,Y_LT65,C50,BE,2021,10.86,,
ESTAT:HLTH_CD_ASDR2(1.0),21/03/25 11:00:00,A,RT,F,Y_LT65,C50,BG,2011,16.66,,
ESTAT:HLTH_CD_ASDR2(1.0),21/03/25 11:00:00,A,RT,F,Y_LT65,C50,BG,2012,17.67,,
ESTAT:HLTH_CD_ASDR2(1.0),21/03/25 11:00:00,A,RT,F,Y_LT65,C50,BG,2013,14.73,,
ESTAT:HLTH_CD_ASDR2(1.0),21/03/25 11:00:00,A,RT,F,Y_LT65,C50,BG,2014,17.27,,
ESTAT:HLTH_CD_ASDR2(1.0),21/03/25 11:00:00,A,RT,F,Y_LT65,C50,BG,2015,15.01,,
ESTAT:HLTH_CD_ASDR2(1.0),21/03/25 11:00:00,A,RT,F,Y_LT65,C50,BG,2016,15.14,,
ESTAT:HLTH_CD_ASDR2(1.0),21/03/25 11:00:00,A,RT,F,Y_LT65,C50,BG,2017,14.35,,
ESTAT:HLTH_CD_ASDR2(1.0),21/03/25 11:00:00,A,RT,F,Y_LT65,C50,BG,2018,14.72,,
ESTAT:HLTH_CD_ASDR2(1.0),21/03/25 11:00:00,A,RT,F,Y_LT65,C50,BG,2019,14.54,,
ESTAT:HLTH_CD_ASDR2(1.0),21/03/25 11:00:00,A,RT,F,Y_LT65,C50,BG,2020,14.26,,
ESTAT:HLTH_CD_ASDR2(1.0),21/03/25 11:00:00,A,RT,F,Y_LT65,C50,BG,2021,13.89,,
ESTAT:HLTH_CD_ASDR2(1.0),21/03/25 11:00:00,A,RT,F,Y_LT65,C50,CH,2011,12.78,,
ESTAT:HLTH_CD_ASDR2(1.0),21/03/25 11:00:00,A,RT,F,Y_LT65,C50,CH,2012,12.24,,
ESTAT:HLTH_CD_ASDR2(1.0),21/03/25 11:00:00,A,RT,F,Y_LT65,C50,CH,2013,11.61,,
ESTAT:HLTH_CD_ASDR2(1.0),21/03/25 11:00:00,A,RT,F,Y_LT65,C50,CH,2014,11.75,,
ESTAT:HLTH_CD_ASDR2(1.0),21/03/25 11:00:00,A,RT,F,Y_LT65,C50,CH,2015,10.74,,
ESTAT:HLTH_CD_ASDR2(1.0),21/03/25 11:00:00,A,RT,F,Y_LT65,C50,CH,2016,10.47,,
ESTAT:HLTH_CD_ASDR2(1.0),21/03/25 11:00:00,A,RT,F,Y_LT65,C50,CH,2017,10.41,,
ESTAT:HLTH_CD_ASDR2(1.0),21/03/25 11:00:00,A,RT,F,Y_LT65,C50,CH,2018,11.1,,
ESTAT:HLTH_CD_ASDR2(1.0),21/03/25 11:00:00,A,RT,F,Y_LT65,C50,CH,2019,10.34,,
ESTAT:HLTH_CD_ASDR2(1.0),21/03/25 11:00:00,A,RT,F,Y_LT65,C50,CH,2020,9.98,,
ESTAT:HLTH_CD_ASDR2(1.0),21/03/25 11:00:00,A,RT,F,Y_LT65,C50,CH,2021,9.45,,
ESTAT:HLTH_CD_ASDR2(1.0),21/03/25 11:00:00,A,RT,F,Y_LT65,C50,CY,2011,16.84,,
ESTAT:HLTH_CD_ASDR2(1.0),21/03/25 11:00:00,A,RT,F,Y_LT65,C50,CY,2012,14.33,,
ESTAT:HLTH_CD_ASDR2(1.0),21/03/25 11:00:00,A,RT,F,Y_LT65,C50,CY,2013,12.58,,
ESTAT:HLTH_CD_ASDR2(1.0),21/03/25 11:00:00,A,RT,F,Y_LT65,C50,CY,2014,12.22,,
ESTAT:HLTH_CD_ASDR2(1.0),21/03/25 11:00:00,A,RT,F,Y_LT65,C50,CY,2015,12.55,,
ESTAT:HLTH_CD_ASDR2(1.0),21/03/25 11:00:00,A,RT,F,Y_LT65,C50,CY,2016,11.41,,
ESTAT:HLTH_CD_ASDR2(1.0),21/03/25 11:00:00,A,RT,F,Y_LT65,C50,CY,2017,13.29,,
ESTAT:HLTH_CD_ASDR2(1.0),21/03/25 11:00:00,A,RT,F,Y_LT65,C50,CY,2018,13.84,,
ESTAT:HLTH_CD_ASDR2(1.0),21/03/25 11:00:00,A,RT,F,Y_LT65,C50,CY,2019,15.15,,
ESTAT:HLTH_CD_ASDR2(1.0),21/03/25 11:00:00,A,RT,F,Y_LT65,C50,CY,2020,13.04,,
ESTAT:HLTH_CD_ASDR2(1.0),21/03/25 11:00:00,A,RT,F,Y_LT65,C50,CY,2021,12.18,,
ESTAT:HLTH_CD_ASDR2(1.0),21/03/25 11:00:00,A,RT,F,Y_LT65,C50,CZ,2011,12.17,,
ESTAT:HLTH_CD_ASDR2(1.0),21/03/25 11:00:00,A,RT,F,Y_LT65,C50,CZ,2012,11.3,,
ESTAT:HLTH_CD_ASDR2(1.0),21/03/25 11:00:00,A,RT,F,Y_LT65,C50,CZ,2013,11.34,,
ESTAT:HLTH_CD_ASDR2(1.0),21/03/25 11:00:00,A,RT,F,Y_LT65,C50,CZ,2014,10.19,,
ESTAT:HLTH_CD_ASDR2(1.0),21/03/25 11:00:00,A,RT,F,Y_LT65,C50,CZ,2015,10.54,,
ESTAT:HLTH_CD_ASDR2(1.0),21/03/25 11:00:00,A,RT,F,Y_LT65,C50,CZ,2016,11.09,,
ESTAT:HLTH_CD_ASDR2(1.0),21/03/25 11:00:00,A,RT,F,Y_LT65,C50,CZ,2017,10.32,,
ESTAT:HLTH_CD_ASDR2(1.0),21/03/25 11:00:00,A,RT,F,Y_LT65,C50,CZ,2018,10.89,,
ESTAT:HLTH_CD_ASDR2(1.0),21/03/25 11:00:00,A,RT,F,Y_LT65,C50,CZ,2019,10.7,,
ESTAT:HLTH_CD_ASDR2(1.0),21/03/25 11:00:00,A,RT,F,Y_LT65,C50,CZ,2020,10.67,,
ESTAT:HLTH_CD_ASDR2(1.0),21/03/25 11:00:00,A,RT,F,Y_LT65,C50,CZ,2021,11.49,,
ESTAT:HLTH_CD_ASDR2(1.0),21/03/25 11:00:00,A,RT,F,Y_LT65,C50,DE,2011,15.74,,
ESTAT:HLTH_CD_ASDR2(1.0),21/03/25 11:00:00,A,RT,F,Y_LT65,C50,DE,2012,14.84,,
ESTAT:HLTH_CD_ASDR2(1.0),21/03/25 11:00:00,A,RT,F,Y_LT65,C50,DE,2013,14.56,,
ESTAT:HLTH_CD_ASDR2(1.0),21/03/25 11:00:00,A,RT,F,Y_LT65,C50,DE,2014,13.88,,
ESTAT:HLTH_CD_ASDR2(1.0),21/03/25 11:00:00,A,RT,F,Y_LT65,C50,DE,2015,13.55,,
ESTAT:HLTH_CD_ASDR2(1.0),21/03/25 11:00:00,A,RT,F,Y_LT65,C50,DE,2016,14,,
ESTAT:HLTH_CD_ASDR2(1.0),21/03/25 11:00:00,A,RT,F,Y_LT65,C50,DE,2017,13.57,,
ESTAT:HLTH_CD_ASDR2(1.0),21/03/25 11:00:00,A,RT,F,Y_LT65,C50,DE,2018,13.56,,
ESTAT:HLTH_CD_ASDR2(1.0),21/03/25 11:00:00,A,RT,F,Y_LT65,C50,DE,2019,13.2,,
ESTAT:HLTH_CD_ASDR2(1.0),21/03/25 11:00:00,A,RT,F,Y_LT65,C50,DE,2020,12.87,,
ESTAT:HLTH_CD_ASDR2(1.0),21/03/25 11:00:00,A,RT,F,Y_LT65,C50,DE,2021,12.65,,
ESTAT:HLTH_CD_ASDR2(1.0),21/03/25 11:00:00,A,RT,F,Y_LT65,C50,DK,2011,16.18,,
ESTAT:HLTH_CD_ASDR2(1.0),21/03/25 11:00:00,A,RT,F,Y_LT65,C50,DK,2012,15.36,,
ESTAT:HLTH_CD_ASDR2(1.0),21/03/25 11:00:00,A,RT,F,Y_LT65,C50,DK,2013,13.17,,
ESTAT:HLTH_CD_ASDR2(1.0),21/03/25 11:00:00,A,RT,F,Y_LT65,C50,DK,2014,13.94,,
ESTAT:HLTH_CD_ASDR2(1.0),21/03/25 11:00:00,A,RT,F,Y_LT65,C50,DK,2015,11.72,,
ESTAT:HLTH_CD_ASDR2(1.0),21/03/25 11:00:00,A,RT,F,Y_LT65,C50,DK,2016,12.98,,
ESTAT:HLTH_CD_ASDR2(1.0),21/03/25 11:00:00,A,RT,F,Y_LT65,C50,DK,2017,12.38,,
ESTAT:HLTH_CD_ASDR2(1.0),21/03/25 11:00:00,A,RT,F,Y_LT65,C50,DK,2018,11.54,,
ESTAT:HLTH_CD_ASDR2(1.0),21/03/25 11:00:00,A,RT,F,Y_LT65,C50,DK,2019,11.74,,
ESTAT:HLTH_CD_ASDR2(1.0),21/03/25 11:00:00,A,RT,F,Y_LT65,C50,DK,2020,10.7,,
ESTAT:HLTH_CD_ASDR2(1.0),21/03/25 11:00:00,A,RT,F,Y_LT65,C50,DK,2021,10.24,,
ESTAT:HLTH_CD_ASDR2(1.0),21/03/25 11:00:00,A,RT,F,Y_LT65,C50,EE,2011,15.89,,
ESTAT:HLTH_CD_ASDR2(1.0),21/03/25 11:00:00,A,RT,F,Y_LT65,C50,EE,2012,15.12,,
ESTAT:HLTH_CD_ASDR2(1.0),21/03/25 11:00:00,A,RT,F,Y_LT65,C50,EE,2013,13.07,,
ESTAT:HLTH_CD_ASDR2(1.0),21/03/25 11:00:00,A,RT,F,Y_LT65,C50,EE,2014,13.21,,
ESTAT:HLTH_CD_ASDR2(1.0),21/03/25 11:00:00,A,RT,F,Y_LT65,C50,EE,2015,14.68,,
ESTAT:HLTH_CD_ASDR2(1.0),21/03/25 11:00:00,A,RT,F,Y_LT65,C50,EE,2016,13.38,,
ESTAT:HLTH_CD_ASDR2(1.0),21/03/25 11:00:00,A,RT,F,Y_LT65,C50,EE,2017,12.43,,
ESTAT:HLTH_CD_ASDR2(1.0),21/03/25 11:00:00,A,RT,F,Y_LT65,C50,EE,2018,13.09,,
ESTAT:HLTH_CD_ASDR2(1.0),21/03/25 11:00:00,A,RT,F,Y_LT65,C50,EE,2019,12.53,,
ESTAT:HLTH_CD_ASDR2(1.0),21/03/25 11:00:00,A,RT,F,Y_LT65,C50,EE,2020,13.1,,
ESTAT:HLTH_CD_ASDR2(1.0),21/03/25 11:00:00,A,RT,F,Y_LT65,C50,EE,2021,11.43,,
ESTAT:HLTH_CD_ASDR2(1.0),21/03/25 11:00:00,A,RT,F,Y_LT65,C50,EL,2011,11.62,,
ESTAT:HLTH_CD_ASDR2(1.0),21/03/25 11:00:00,A,RT,F,Y_LT65,C50,EL,2012,13.11,,
ESTAT:HLTH_CD_ASDR2(1.0),21/03/25 11:00:00,A,RT,F,Y_LT65,C50,EL,2013,12.66,,
ESTAT:HLTH_CD_ASDR2(1.0),21/03/25 11:00:00,A,RT,F,Y_LT65,C50,EL,2014,12.03,,
ESTAT:HLTH_CD_ASDR2(1.0),21/03/25 11:00:00,A,RT,F,Y_LT65,C50,EL,2015,11.93,,
ESTAT:HLTH_CD_ASDR2(1.0),21/03/25 11:00:00,A,RT,F,Y_LT65,C50,EL,2016,13.72,,
ESTAT:HLTH_CD_ASDR2(1.0),21/03/25 11:00:00,A,RT,F,Y_LT65,C50,EL,2017,12.35,,
ESTAT:HLTH_CD_ASDR2(1.0),21/03/25 11:00:00,A,RT,F,Y_LT65,C50,EL,2018,12.46,,
ESTAT:HLTH_CD_ASDR2(1.0),21/03/25 11:00:00,A,RT,F,Y_LT65,C50,EL,2019,12.21,,
ESTAT:HLTH_CD_ASDR2(1.0),21/03/25 11:00:00,A,RT,F,Y_LT65,C50,EL,2020,11.73,,
ESTAT:HLTH_CD_ASDR2(1.0),21/03/25 11:00:00,A,RT,F,Y_LT65,C50,EL,2021,12.15,,
ESTAT:HLTH_CD_ASDR2(1.0),21/03/25 11:00:00,A,RT,F,Y_LT65,C50,ES,2011,12.5,,
ESTAT:HLTH_CD_ASDR2(1.0),21/03/25 11:00:00,A,RT,F,Y_LT65,C50,ES,2012,11.79,,
ESTAT:HLTH_CD_ASDR2(1.0),21/03/25 11:00:00,A,RT,F,Y_LT65,C50,ES,2013,12.47,,
ESTAT:HLTH_CD_ASDR2(1.0),21/03/25 11:00:00,A,RT,F,Y_LT65,C50,ES,2014,11.15,,
ESTAT:HLTH_CD_ASDR2(1.0),21/03/25 11:00:00,A,RT,F,Y_LT65,C50,ES,2015,11,,
ESTAT:HLTH_CD_ASDR2(1.0),21/03/25 11:00:00,A,RT,F,Y_LT65,C50,ES,2016,11.46,,
ESTAT:HLTH_CD_ASDR2(1.0),21/03/25 11:00:00,A,RT,F,Y_LT65,C50,ES,2017,11.04,,
ESTAT:HLTH_CD_ASDR2(1.0),21/03/25 11:00:00,A,RT,F,Y_LT65,C50,ES,2018,11.17,,
ESTAT:HLTH_CD_ASDR2(1.0),21/03/25 11:00:00,A,RT,F,Y_LT65,C50,ES,2019,10.33,,
ESTAT:HLTH_CD_ASDR2(1.0),21/03/25 11:00:00,A,RT,F,Y_LT65,C50,ES,2020,10.63,,
ESTAT:HLTH_CD_ASDR2(1.0),21/03/25 11:00:00,A,RT,F,Y_LT65,C50,ES,2021,10.31,,
ESTAT:HLTH_CD_ASDR2(1.0),21/03/25 11:00:00,A,RT,F,Y_LT65,C50,EU27_2020,2011,14.95,,
ESTAT:HLTH_CD_ASDR2(1.0),21/03/25 11:00:00,A,RT,F,Y_LT65,C50,EU27_2020,2012,14.51,,
ESTAT:HLTH_CD_ASDR2(1.0),21/03/25 11:00:00,A,RT,F,Y_LT65,C50,EU27_2020,2013,14.31,,
ESTAT:HLTH_CD_ASDR2(1.0),21/03/25 11:00:00,A,RT,F,Y_LT65,C50,EU27_2020,2014,13.88,,
ESTAT:HLTH_CD_ASDR2(1.0),21/03/25 11:00:00,A,RT,F,Y_LT65,C50,EU27_2020,2015,13.59,,
ESTAT:HLTH_CD_ASDR2(1.0),21/03/25 11:00:00,A,RT,F,Y_LT65,C50,EU27_2020,2016,13.77,,
ESTAT:HLTH_CD_ASDR2(1.0),21/03/25 11:00:00,A,RT,F,Y_LT65,C50,EU27_2020,2017,13.61,,
ESTAT:HLTH_CD_ASDR2(1.0),21/03/25 11:00:00,A,RT,F,Y_LT65,C50,EU27_2020,2018,13.41,,
ESTAT:HLTH_CD_ASDR2(1.0),21/03/25 11:00:00,A,RT,F,Y_LT65,C50,EU27_2020,2019,13.02,,
ESTAT:HLTH_CD_ASDR2(1.0),21/03/25 11:00:00,A,RT,F,Y_LT65,C50,EU27_2020,2020,12.78,,
ESTAT:HLTH_CD_ASDR2(1.0),21/03/25 11:00:00,A,RT,F,Y_LT65,C50,EU27_2020,2021,12.43,,
ESTAT:HLTH_CD_ASDR2(1.0),21/03/25 11:00:00,A,RT,F,Y_LT65,C50,FI,2011,12.31,,
ESTAT:HLTH_CD_ASDR2(1.0),21/03/25 11:00:00,A,RT,F,Y_LT65,C50,FI,2012,13.88,,
ESTAT:HLTH_CD_ASDR2(1.0),21/03/25 11:00:00,A,RT,F,Y_LT65,C50,FI,2013,12.7,,
ESTAT:HLTH_CD_ASDR2(1.0),21/03/25 11:00:00,A,RT,F,Y_LT65,C50,FI,2014,11.1,,
ESTAT:HLTH_CD_ASDR2(1.0),21/03/25 11:00:00,A,RT,F,Y_LT65,C50,FI,2015,10.35,,
ESTAT:HLTH_CD_ASDR2(1.0),21/03/25 11:00:00,A,RT,F,Y_LT65,C50,FI,2016,12.36,,
ESTAT:HLTH_CD_ASDR2(1.0),21/03/25 11:00:00,A,RT,F,Y_LT65,C50,FI,2017,12.08,,
ESTAT:HLTH_CD_ASDR2(1.0),21/03/25 11:00:00,A,RT,F,Y_LT65,C50,FI,2018,12.06,,
ESTAT:HLTH_CD_ASDR2(1.0),21/03/25 11:00:00,A,RT,F,Y_LT65,C50,FI,2019,10.44,,
ESTAT:HLTH_CD_ASDR2(1.0),21/03/25 11:00:00,A,RT,F,Y_LT65,C50,FI,2020,10.99,,
ESTAT:HLTH_CD_ASDR2(1.0),21/03/25 11:00:00,A,RT,F,Y_LT65,C50,FI,2021,10.24,,
ESTAT:HLTH_CD_ASDR2(1.0),21/03/25 11:00:00,A,RT,F,Y_LT65,C50,FR,2011,15.03,,
ESTAT:HLTH_CD_ASDR2(1.0),21/03/25 11:00:00,A,RT,F,Y_LT65,C50,FR,2012,14.56,,
ESTAT:HLTH_CD_ASDR2(1.0),21/03/25 11:00:00,A,RT,F,Y_LT65,C50,FR,2013,14.62,,
ESTAT:HLTH_CD_ASDR2(1.0),21/03/25 11:00:00,A,RT,F,Y_LT65,C50,FR,2014,14.54,,
ESTAT:HLTH_CD_ASDR2(1.0),21/03/25 11:00:00,A,RT,F,Y_LT65,C50,FR,2015,14.05,,
ESTAT:HLTH_CD_ASDR2(1.0),21/03/25 11:00:00,A,RT,F,Y_LT65,C50,FR,2016,14.39,,
ESTAT:HLTH_CD_ASDR2(1.0),21/03/25 11:00:00,A,RT,F,Y_LT65,C50,FR,2017,14.65,,
ESTAT:HLTH_CD_ASDR2(1.0),21/03/25 11:00:00,A,RT,F,Y_LT65,C50,FR,2018,14.3,,
ESTAT:HLTH_CD_ASDR2(1.0),21/03/25 11:00:00,A,RT,F,Y_LT65,C50,FR,2019,13.94,,
ESTAT:HLTH_CD_ASDR2(1.0),21/03/25 11:00:00,A,RT,F,Y_LT65,C50,FR,2020,13.89,,
ESTAT:HLTH_CD_ASDR2(1.0),21/03/25 11:00:00,A,RT,F,Y_LT65,C50,FR,2021,13.03,,
ESTAT:HLTH_CD_ASDR2(1.0),21/03/25 11:00:00,A,RT,F,Y_LT65,C50,HR,2011,14.5,,
ESTAT:HLTH_CD_ASDR2(1.0),21/03/25 11:00:00,A,RT,F,Y_LT65,C50,HR,2012,16.63,,
ESTAT:HLTH_CD_ASDR2(1.0),21/03/25 11:00:00,A,RT,F,Y_LT65,C50,HR,2013,16.58,,
ESTAT:HLTH_CD_ASDR2(1.0),21/03/25 11:00:00,A,RT,F,Y_LT65,C50,HR,2014,16.79,,
ESTAT:HLTH_CD_ASDR2(1.0),21/03/25 11:00:00,A,RT,F,Y_LT65,C50,HR,2015,15.85,,
ESTAT:HLTH_CD_ASDR2(1.0),21/03/25 11:00:00,A,RT,F,Y_LT65,C50,HR,2016,14.16,,
ESTAT:HLTH_CD_ASDR2(1.0),21/03/25 11:00:00,A,RT,F,Y_LT65,C50,HR,2017,14.94,,
ESTAT:HLTH_CD_ASDR2(1.0),21/03/25 11:00:00,A,RT,F,Y_LT65,C50,HR,2018,13.54,,
ESTAT:HLTH_CD_ASDR2(1.0),21/03/25 11:00:00,A,RT,F,Y_LT65,C50,HR,2019,12.29,,
ESTAT:HLTH_CD_ASDR2(1.0),21/03/25 11:00:00,A,RT,F,Y_LT65,C50,HR,2020,11.62,,
ESTAT:HLTH_CD_ASDR2(1.0),21/03/25 11:00:00,A,RT,F,Y_LT65,C50,HR,2021,14.39,,
ESTAT:HLTH_CD_ASDR2(1.0),21/03/25 11:00:00,A,RT,F,Y_LT65,C50,HU,2011,17.69,,
ESTAT:HLTH_CD_ASDR2(1.0),21/03/25 11:00:00,A,RT,F,Y_LT65,C50,HU,2012,17.36,,
ESTAT:HLTH_CD_ASDR2(1.0),21/03/25 11:00:00,A,RT,F,Y_LT65,C50,HU,2013,16.87,,
ESTAT:HLTH_CD_ASDR2(1.0),21/03/25 11:00:00,A,RT,F,Y_LT65,C50,HU,2014,16.67,,
ESTAT:HLTH_CD_ASDR2(1.0),21/03/25 11:00:00,A,RT,F,Y_LT65,C50,HU,2015,16.78,,
ESTAT:HLTH_CD_ASDR2(1.0),21/03/25 11:00:00,A,RT,F,Y_LT65,C50,HU,2016,16.22,,
ESTAT:HLTH_CD_ASDR2(1.0),21/03/25 11:00:00,A,RT,F,Y_LT65,C50,HU,2017,16.29,,
ESTAT:HLTH_CD_ASDR2(1.0),21/03/25 11:00:00,A,RT,F,Y_LT65,C50,HU,2018,15.62,,
ESTAT:HLTH_CD_ASDR2(1.0),21/03/25 11:00:00,A,RT,F,Y_LT65,C50,HU,2019,15.32,,
ESTAT:HLTH_CD_ASDR2(1.0),21/03/25 11:00:00,A,RT,F,Y_LT65,C50,HU,2020,14.7,,
ESTAT:HLTH_CD_ASDR2(1.0),21/03/25 11:00:00,A,RT,F,Y_LT65,C50,HU,2021,15.59,,
ESTAT:HLTH_CD_ASDR2(1.0),21/03/25 11:00:00,A,RT,F,Y_LT65,C50,IE,2011,15.32,,
ESTAT:HLTH_CD_ASDR2(1.0),21/03/25 11:00:00,A,RT,F,Y_LT65,C50,IE,2012,17.22,,
ESTAT:HLTH_CD_ASDR2(1.0),21/03/25 11:00:00,A,RT,F,Y_LT65,C50,IE,2013,15.62,,
ESTAT:HLTH_CD_ASDR2(1.0),21/03/25 11:00:00,A,RT,F,Y_LT65,C50,IE,2014,16.82,,
ESTAT:HLTH_CD_ASDR2(1.0),21/03/25 11:00:00,A,RT,F,Y_LT65,C50,IE,2015,15.34,,
ESTAT:HLTH_CD_ASDR2(1.0),21/03/25 11:00:00,A,RT,F,Y_LT65,C50,IE,2016,15.63,,
ESTAT:HLTH_CD_ASDR2(1.0),21/03/25 11:00:00,A,RT,F,Y_LT65,C50,IE,2017,14.83,,
ESTAT:HLTH_CD_ASDR2(1.0),21/03/25 11:00:00,A,RT,F,Y_LT65,C50,IE,2018,15.86,,
ESTAT:HLTH_CD_ASDR2(1.0),21/03/25 11:00:00,A,RT,F,Y_LT65,C50,IE,2019,12.59,,
ESTAT:HLTH_CD_ASDR2(1.0),21/03/25 11:00:00,A,RT,F,Y_LT65,C50,IE,2020,14.41,,
ESTAT:HLTH_CD_ASDR2(1.0),21/03/25 11:00:00,A,RT,F,Y_LT65,C50,IE,2021,12.5,,
ESTAT:HLTH_CD_ASDR2(1.0),21/03/25 11:00:00,A,RT,F,Y_LT65,C50,IS,2011,9.86,,
ESTAT:HLTH_CD_ASDR2(1.0),21/03/25 11:00:00,A,RT,F,Y_LT65,C50,IS,2012,11.75,,
ESTAT:HLTH_CD_ASDR2(1.0),21/03/25 11:00:00,A,RT,F,Y_LT65,C50,IS,2013,11.96,,
ESTAT:HLTH_CD_ASDR2(1.0),21/03/25 11:00:00,A,RT,F,Y_LT65,C50,IS,2014,14.89,,
ESTAT:HLTH_CD_ASDR2(1.0),21/03/25 11:00:00,A,RT,F,Y_LT65,C50,IS,2015,16.93,,
ESTAT:HLTH_CD_ASDR2(1.0),21/03/25 11:00:00,A,RT,F,Y_LT65,C50,IS,2016,10.56,,
ESTAT:HLTH_CD_ASDR2(1.0),21/03/25 11:00:00,A,RT,F,Y_LT65,C50,IS,2017,8.79,,
ESTAT:HLTH_CD_ASDR2(1.0),21/03/25 11:00:00,A,RT,F,Y_LT65,C50,IS,2018,16.98,,
ESTAT:HLTH_CD_ASDR2(1.0),21/03/25 11:00:00,A,RT,F,Y_LT65,C50,IS,2019,15.96,,
ESTAT:HLTH_CD_ASDR2(1.0),21/03/25 11:00:00,A,RT,F,Y_LT65,C50,IS,2020,13.03,,
ESTAT:HLTH_CD_ASDR2(1.0),21/03/25 11:00:00,A,RT,F,Y_LT65,C50,IS,2021,17.03,,
ESTAT:HLTH_CD_ASDR2(1.0),21/03/25 11:00:00,A,RT,F,Y_LT65,C50,IT,2011,14.4,,
ESTAT:HLTH_CD_ASDR2(1.0),21/03/25 11:00:00,A,RT,F,Y_LT65,C50,IT,2012,14.37,,
ESTAT:HLTH_CD_ASDR2(1.0),21/03/25 11:00:00,A,RT,F,Y_LT65,C50,IT,2013,13.98,,
ESTAT:HLTH_CD_ASDR2(1.0),21/03/25 11:00:00,A,RT,F,Y_LT65,C50,IT,2014,13.96,,
ESTAT:HLTH_CD_ASDR2(1.0),21/03/25 11:00:00,A,RT,F,Y_LT65,C50,IT,2015,13.31,,
ESTAT:HLTH_CD_ASDR2(1.0),21/03/25 11:00:00,A,RT,F,Y_LT65,C50,IT,2016,13.2,,
ESTAT:HLTH_CD_ASDR2(1.0),21/03/25 11:00:00,A,RT,F,Y_LT65,C50,IT,2017,13.7,,
ESTAT:HLTH_CD_ASDR2(1.0),21/03/25 11:00:00,A,RT,F,Y_LT65,C50,IT,2018,13.83,,
ESTAT:HLTH_CD_ASDR2(1.0),21/03/25 11:00:00,A,RT,F,Y_LT65,C50,IT,2019,13.31,,
ESTAT:HLTH_CD_ASDR2(1.0),21/03/25 11:00:00,A,RT,F,Y_LT65,C50,IT,2020,13.22,,
ESTAT:HLTH_CD_ASDR2(1.0),21/03/25 11:00:00,A,RT,F,Y_LT65,C50,IT,2021,13,,
ESTAT:HLTH_CD_ASDR2(1.0),21/03/25 11:00:00,A,RT,F,Y_LT65,C50,LI,2011,0,,
ESTAT:HLTH_CD_ASDR2(1.0),21/03/25 11:00:00,A,RT,F,Y_LT65,C50,LI,2012,12.14,,
ESTAT:HLTH_CD_ASDR2(1.0),21/03/25 11:00:00,A,RT,F,Y_LT65,C50,LI,2013,20.12,,
ESTAT:HLTH_CD_ASDR2(1.0),21/03/25 11:00:00,A,RT,F,Y_LT65,C50,LI,2014,19.47,,
ESTAT:HLTH_CD_ASDR2(1.0),21/03/25 11:00:00,A,RT,F,Y_LT65,C50,LI,2015,19.6,,
ESTAT:HLTH_CD_ASDR2(1.0),21/03/25 11:00:00,A,RT,F,Y_LT65,C50,LI,2016,22.51,,
ESTAT:HLTH_CD_ASDR2(1.0),21/03/25 11:00:00,A,RT,F,Y_LT65,C50,LI,2017,5.36,,
ESTAT:HLTH_CD_ASDR2(1.0),21/03/25 11:00:00,A,RT,F,Y_LT65,C50,LI,2018,5.27,,
ESTAT:HLTH_CD_ASDR2(1.0),21/03/25 11:00:00,A,RT,F,Y_LT65,C50,LI,2019,5.66,,
ESTAT:HLTH_CD_ASDR2(1.0),21/03/25 11:00:00,A,RT,F,Y_LT65,C50,LI,2020,11.36,,
ESTAT:HLTH_CD_ASDR2(1.0),21/03/25 11:00:00,A,RT,F,Y_LT65,C50,LI,2021,15.5,,
ESTAT:HLTH_CD_ASDR2(1.0),21/03/25 11:00:00,A,RT,F,Y_LT65,C50,LT,2011,18.77,,
ESTAT:HLTH_CD_ASDR2(1.0),21/03/25 11:00:00,A,RT,F,Y_LT65,C50,LT,2012,17,,
ESTAT:HLTH_CD_ASDR2(1.0),21/03/25 11:00:00,A,RT,F,Y_LT65,C50,LT,2013,16.08,,
ESTAT:HLTH_CD_ASDR2(1.0),21/03/25 11:00:00,A,RT,F,Y_LT65,C50,LT,2014,15.14,,
ESTAT:HLTH_CD_ASDR2(1.0),21/03/25 11:00:00,A,RT,F,Y_LT65,C50,LT,2015,16.22,,
ESTAT:HLTH_CD_ASDR2(1.0),21/03/25 11:00:00,A,RT,F,Y_LT65,C50,LT,2016,15.88,,
ESTAT:HLTH_CD_ASDR2(1.0),21/03/25 11:00:00,A,RT,F,Y_LT65,C50,LT,2017,12.63,,
ESTAT:HLTH_CD_ASDR2(1.0),21/03/25 11:00:00,A,RT,F,Y_LT65,C50,LT,2018,13.79,,
ESTAT:HLTH_CD_ASDR2(1.0),21/03/25 11:00:00,A,RT,F,Y_LT65,C50,LT,2019,14.77,,
ESTAT:HLTH_CD_ASDR2(1.0),21/03/25 11:00:00,A,RT,F,Y_LT65,C50,LT,2020,14.24,,
ESTAT:HLTH_CD_ASDR2(1.0),21/03/25 11:00:00,A,RT,F,Y_LT65,C50,LT,2021,14.39,,
ESTAT:HLTH_CD_ASDR2(1.0),21/03/25 11:00:00,A,RT,F,Y_LT65,C50,LU,2011,15.35,,
ESTAT:HLTH_CD_ASDR2(1.0),21/03/25 11:00:00,A,RT,F,Y_LT65,C50,LU,2012,13.29,,
ESTAT:HLTH_CD_ASDR2(1.0),21/03/25 11:00:00,A,RT,F,Y_LT65,C50,LU,2013,15.46,,
ESTAT:HLTH_CD_ASDR2(1.0),21/03/25 11:00:00,A,RT,F,Y_LT65,C50,LU,2014,11.82,,
ESTAT:HLTH_CD_ASDR2(1.0),21/03/25 11:00:00,A,RT,F,Y_LT65,C50,LU,2015,15.82,,
ESTAT:HLTH_CD_ASDR2(1.0),21/03/25 11:00:00,A,RT,F,Y_LT65,C50,LU,2016,10.38,,
ESTAT:HLTH_CD_ASDR2(1.0),21/03/25 11:00:00,A,RT,F,Y_LT65,C50,LU,2017,14.02,,
ESTAT:HLTH_CD_ASDR2(1.0),21/03/25 11:00:00,A,RT,F,Y_LT65,C50,LU,2018,9.89,,
ESTAT:HLTH_CD_ASDR2(1.0),21/03/25 11:00:00,A,RT,F,Y_LT65,C50,LU,2019,10.58,,
ESTAT:HLTH_CD_ASDR2(1.0),21/03/25 11:00:00,A,RT,F,Y_LT65,C50,LU,2020,7.53,,
ESTAT:HLTH_CD_ASDR2(1.0),21/03/25 11:00:00,A,RT,F,Y_LT65,C50,LU,2021,9.33,,
ESTAT:HLTH_CD_ASDR2(1.0),21/03/25 11:00:00,A,RT,F,Y_LT65,C50,LV,2011,19.61,,
ESTAT:HLTH_CD_ASDR2(1.0),21/03/25 11:00:00,A,RT,F,Y_LT65,C50,LV,2012,17.38,,
ESTAT:HLTH_CD_ASDR2(1.0),21/03/25 11:00:00,A,RT,F,Y_LT65,C50,LV,2013,16.48,,
ESTAT:HLTH_CD_ASDR2(1.0),21/03/25 11:00:00,A,RT,F,Y_LT65,C50,LV,2014,16.54,,
ESTAT:HLTH_CD_ASDR2(1.0),21/03/25 11:00:00,A,RT,F,Y_LT65,C50,LV,2015,17.27,,
ESTAT:HLTH_CD_ASDR2(1.0),21/03/25 11:00:00,A,RT,F,Y_LT65,C50,LV,2016,17.64,,
ESTAT:HLTH_CD_ASDR2(1.0),21/03/25 11:00:00,A,RT,F,Y_LT65,C50,LV,2017,13.97,,
ESTAT:HLTH_CD_ASDR2(1.0),21/03/25 11:00:00,A,RT,F,Y_LT65,C50,LV,2018,15.3,,
ESTAT:HLTH_CD_ASDR2(1.0),21/03/25 11:00:00,A,RT,F,Y_LT65,C50,LV,2019,16.56,,
ESTAT:HLTH_CD_ASDR2(1.0),21/03/25 11:00:00,A,RT,F,Y_LT65,C50,LV,2020,16.79,,
ESTAT:HLTH_CD_ASDR2(1.0),21/03/25 11:00:00,A,RT,F,Y_LT65,C50,LV,2021,14.49,,
ESTAT:HLTH_CD_ASDR2(1.0),21/03/25 11:00:00,A,RT,F,Y_LT65,C50,MT,2011,15.52,,
ESTAT:HLTH_CD_ASDR2(1.0),21/03/25 11:00:00,A,RT,F,Y_LT65,C50,MT,2012,14.04,,
ESTAT:HLTH_CD_ASDR2(1.0),21/03/25 11:00:00,A,RT,F,Y_LT65,C50,MT,2013,13.57,,
ESTAT:HLTH_CD_ASDR2(1.0),21/03/25 11:00:00,A,RT,F,Y_LT65,C50,MT,2014,11.03,,
ESTAT:HLTH_CD_ASDR2(1.0),21/03/25 11:00:00,A,RT,F,Y_LT65,C50,MT,2015,13.09,,
ESTAT:HLTH_CD_ASDR2(1.0),21/03/25 11:00:00,A,RT,F,Y_LT65,C50,MT,2016,12.89,,
ESTAT:HLTH_CD_ASDR2(1.0),21/03/25 11:00:00,A,RT,F,Y_LT65,C50,MT,2017,11.88,,
ESTAT:HLTH_CD_ASDR2(1.0),21/03/25 11:00:00,A,RT,F,Y_LT65,C50,MT,2018,15,,
ESTAT:HLTH_CD_ASDR2(1.0),21/03/25 11:00:00,A,RT,F,Y_LT65,C50,MT,2019,12.9,,
ESTAT:HLTH_CD_ASDR2(1.0),21/03/25 11:00:00,A,RT,F,Y_LT65,C50,MT,2020,13.81,,
ESTAT:HLTH_CD_ASDR2(1.0),21/03/25 11:00:00,A,RT,F,Y_LT65,C50,MT,2021,7.53,,
ESTAT:HLTH_CD_ASDR2(1.0),21/03/25 11:00:00,A,RT,F,Y_LT65,C50,NL,2011,18.93,,
ESTAT:HLTH_CD_ASDR2(1.0),21/03/25 11:00:00,A,RT,F,Y_LT65,C50,NL,2012,17.57,,
ESTAT:HLTH_CD_ASDR2(1.0),21/03/25 11:00:00,A,RT,F,Y_LT65,C50,NL,2013,16.18,,
ESTAT:HLTH_CD_ASDR2(1.0),21/03/25 11:00:00,A,RT,F,Y_LT65,C50,NL,2014,14.85,,
ESTAT:HLTH_CD_ASDR2(1.0),21/03/25 11:00:00,A,RT,F,Y_LT65,C50,NL,2015,15.96,,
ESTAT:HLTH_CD_ASDR2(1.0),21/03/25 11:00:00,A,RT,F,Y_LT65,C50,NL,2016,16.03,,
ESTAT:HLTH_CD_ASDR2(1.0),21/03/25 11:00:00,A,RT,F,Y_LT65,C50,NL,2017,15.19,,
ESTAT:HLTH_CD_ASDR2(1.0),21/03/25 11:00:00,A,RT,F,Y_LT65,C50,NL,2018,13.84,,
ESTAT:HLTH_CD_ASDR2(1.0),21/03/25 11:00:00,A,RT,F,Y_LT65,C50,NL,2019,13.67,,
ESTAT:HLTH_CD_ASDR2(1.0),21/03/25 11:00:00,A,RT,F,Y_LT65,C50,NL,2020,13.71,,
ESTAT:HLTH_CD_ASDR2(1.0),21/03/25 11:00:00,A,RT,F,Y_LT65,C50,NL,2021,13.46,,
ESTAT:HLTH_CD_ASDR2(1.0),21/03/25 11:00:00,A,RT,F,Y_LT65,C50,NO,2011,12.9,,
ESTAT:HLTH_CD_ASDR2(1.0),21/03/25 11:00:00,A,RT,F,Y_LT65,C50,NO,2012,10.3,,
ESTAT:HLTH_CD_ASDR2(1.0),21/03/25 11:00:00,A,RT,F,Y_LT65,C50,NO,2013,12.14,,
ESTAT:HLTH_CD_ASDR2(1.0),21/03/25 11:00:00,A,RT,F,Y_LT65,C50,NO,2014,11.07,,
ESTAT:HLTH_CD_ASDR2(1.0),21/03/25 11:00:00,A,RT,F,Y_LT65,C50,NO,2015,9.92,,
ESTAT:HLTH_CD_ASDR2(1.0),21/03/25 11:00:00,A,RT,F,Y_LT65,C50,NO,2016,10.8,,
ESTAT:HLTH_CD_ASDR2(1.0),21/03/25 11:00:00,A,RT,F,Y_LT65,C50,NO,2017,9.24,,
ESTAT:HLTH_CD_ASDR2(1.0),21/03/25 11:00:00,A,RT,F,Y_LT65,C50,NO,2018,10.32,,
ESTAT:HLTH_CD_ASDR2(1.0),21/03/25 11:00:00,A,RT,F,Y_LT65,C50,NO,2019,9.81,,
ESTAT:HLTH_CD_ASDR2(1.0),21/03/25 11:00:00,A,RT,F,Y_LT65,C50,NO,2020,9.54,,
ESTAT:HLTH_CD_ASDR2(1.0),21/03/25 11:00:00,A,RT,F,Y_LT65,C50,NO,2021,8.4,,
ESTAT:HLTH_CD_ASDR2(1.0),21/03/25 11:00:00,A,RT,F,Y_LT65,C50,PL,2011,14.96,,
ESTAT:HLTH_CD_ASDR2(1.0),21/03/25 11:00:00,A,RT,F,Y_LT65,C50,PL,2012,14.47,,
ESTAT:HLTH_CD_ASDR2(1.0),21/03/25 11:00:00,A,RT,F,Y_LT65,C50,PL,2013,15.13,,
ESTAT:HLTH_CD_ASDR2(1.0),21/03/25 11:00:00,A,RT,F,Y_LT65,C50,PL,2014,15.11,,
ESTAT:HLTH_CD_ASDR2(1.0),21/03/25 11:00:00,A,RT,F,Y_LT65,C50,PL,2015,14.55,,
ESTAT:HLTH_CD_ASDR2(1.0),21/03/25 11:00:00,A,RT,F,Y_LT65,C50,PL,2016,14.62,,
ESTAT:HLTH_CD_ASDR2(1.0),21/03/25 11:00:00,A,RT,F,Y_LT65,C50,PL,2017,14.42,,
ESTAT:HLTH_CD_ASDR2(1.0),21/03/25 11:00:00,A,RT,F,Y_LT65,C50,PL,2018,14.39,,
ESTAT:HLTH_CD_ASDR2(1.0),21/03/25 11:00:00,A,RT,F,Y_LT65,C50,PL,2019,14.4,,
ESTAT:HLTH_CD_ASDR2(1.0),21/03/25 11:00:00,A,RT,F,Y_LT65,C50,PL,2020,13.76,,
ESTAT:HLTH_CD_ASDR2(1.0),21/03/25 11:00:00,A,RT,F,Y_LT65,C50,PL,2021,12.62,,
ESTAT:HLTH_CD_ASDR2(1.0),21/03/25 11:00:00,A,RT,F,Y_LT65,C50,PT,2011,13.63,,
ESTAT:HLTH_CD_ASDR2(1.0),21/03/25 11:00:00,A,RT,F,Y_LT65,C50,PT,2012,14.34,,
ESTAT:HLTH_CD_ASDR2(1.0),21/03/25 11:00:00,A,RT,F,Y_LT65,C50,PT,2013,12.55,,
ESTAT:HLTH_CD_ASDR2(1.0),21/03/25 11:00:00,A,RT,F,Y_LT65,C50,PT,2014,11.99,,
ESTAT:HLTH_CD_ASDR2(1.0),21/03/25 11:00:00,A,RT,F,Y_LT65,C50,PT,2015,12.33,,
ESTAT:HLTH_CD_ASDR2(1.0),21/03/25 11:00:00,A,RT,F,Y_LT65,C50,PT,2016,13.03,,
ESTAT:HLTH_CD_ASDR2(1.0),21/03/25 11:00:00,A,RT,F,Y_LT65,C50,PT,2017,13.5,,
ESTAT:HLTH_CD_ASDR2(1.0),21/03/25 11:00:00,A,RT,F,Y_LT65,C50,PT,2018,12,,
ESTAT:HLTH_CD_ASDR2(1.0),21/03/25 11:00:00,A,RT,F,Y_LT65,C50,PT,2019,13.39,,
ESTAT:HLTH_CD_ASDR2(1.0),21/03/25 11:00:00,A,RT,F,Y_LT65,C50,PT,2020,11.81,,
ESTAT:HLTH_CD_ASDR2(1.0),21/03/25 11:00:00,A,RT,F,Y_LT65,C50,PT,2021,13.4,,
ESTAT:HLTH_CD_ASDR2(1.0),21/03/25 11:00:00,A,RT,F,Y_LT65,C50,RO,2011,15.92,,
ESTAT:HLTH_CD_ASDR2(1.0),21/03/25 11:00:00,A,RT,F,Y_LT65,C50,RO,2012,15.87,,
ESTAT:HLTH_CD_ASDR2(1.0),21/03/25 11:00:00,A,RT,F,Y_LT65,C50,RO,2013,16.04,,
ESTAT:HLTH_CD_ASDR2(1.0),21/03/25 11:00:00,A,RT,F,Y_LT65,C50,RO,2014,16.34,,
ESTAT:HLTH_CD_ASDR2(1.0),21/03/25 11:00:00,A,RT,F,Y_LT65,C50,RO,2015,16.11,,
ESTAT:HLTH_CD_ASDR2(1.0),21/03/25 11:00:00,A,RT,F,Y_LT65,C50,RO,2016,16.34,,
ESTAT:HLTH_CD_ASDR2(1.0),21/03/25 11:00:00,A,RT,F,Y_LT65,C50,RO,2017,15.89,,
ESTAT:HLTH_CD_ASDR2(1.0),21/03/25 11:00:00,A,RT,F,Y_LT65,C50,RO,2018,14.93,,
ESTAT:HLTH_CD_ASDR2(1.0),21/03/25 11:00:00,A,RT,F,Y_LT65,C50,RO,2019,14.61,,
ESTAT:HLTH_CD_ASDR2(1.0),21/03/25 11:00:00,A,RT,F,Y_LT65,C50,RO,2020,14.79,,
ESTAT:HLTH_CD_ASDR2(1.0),21/03/25 11:00:00,A,RT,F,Y_LT65,C50,RO,2021,13.96,,
ESTAT:HLTH_CD_ASDR2(1.0),21/03/25 11:00:00,A,RT,F,Y_LT65,C50,RS,2011,21.01,,
ESTAT:HLTH_CD_ASDR2(1.0),21/03/25 11:00:00,A,RT,F,Y_LT65,C50,RS,2012,21.96,,
ESTAT:HLTH_CD_ASDR2(1.0),21/03/25 11:00:00,A,RT,F,Y_LT65,C50,RS,2013,20.17,,
ESTAT:HLTH_CD_ASDR2(1.0),21/03/25 11:00:00,A,RT,F,Y_LT65,C50,RS,2014,19.76,,
ESTAT:HLTH_CD_ASDR2(1.0),21/03/25 11:00:00,A,RT,F,Y_LT65,C50,RS,2015,19.84,,
ESTAT:HLTH_CD_ASDR2(1.0),21/03/25 11:00:00,A,RT,F,Y_LT65,C50,RS,2016,19.39,,
ESTAT:HLTH_CD_ASDR2(1.0),21/03/25 11:00:00,A,RT,F,Y_LT65,C50,RS,2017,20.36,,
ESTAT:HLTH_CD_ASDR2(1.0),21/03/25 11:00:00,A,RT,F,Y_LT65,C50,RS,2018,19.37,,
ESTAT:HLTH_CD_ASDR2(1.0),21/03/25 11:00:00,A,RT,F,Y_LT65,C50,RS,2019,18.12,,
ESTAT:HLTH_CD_ASDR2(1.0),21/03/25 11:00:00,A,RT,F,Y_LT65,C50,RS,2020,18.76,,
ESTAT:HLTH_CD_ASDR2(1.0),21/03/25 11:00:00,A,RT,F,Y_LT65,C50,RS,2021,19.51,,
ESTAT:HLTH_CD_ASDR2(1.0),21/03/25 11:00:00,A,RT,F,Y_LT65,C50,SE,2011,13.13,,
ESTAT:HLTH_CD_ASDR2(1.0),21/03/25 11:00:00,A,RT,F,Y_LT65,C50,SE,2012,12.3,,
ESTAT:HLTH_CD_ASDR2(1.0),21/03/25 11:00:00,A,RT,F,Y_LT65,C50,SE,2013,12.27,,
ESTAT:HLTH_CD_ASDR2(1.0),21/03/25 11:00:00,A,RT,F,Y_LT65,C50,SE,2014,10.87,,
ESTAT:HLTH_CD_ASDR2(1.0),21/03/25 11:00:00,A,RT,F,Y_LT65,C50,SE,2015,10.16,,
ESTAT:HLTH_CD_ASDR2(1.0),21/03/25 11:00:00,A,RT,F,Y_LT65,C50,SE,2016,10.26,,
ESTAT:HLTH_CD_ASDR2(1.0),21/03/25 11:00:00,A,RT,F,Y_LT65,C50,SE,2017,10.07,,
ESTAT:HLTH_CD_ASDR2(1.0),21/03/25 11:00:00,A,RT,F,Y_LT65,C50,SE,2018,8.56,,
ESTAT:HLTH_CD_ASDR2(1.0),21/03/25 11:00:00,A,RT,F,Y_LT65,C50,SE,2019,9.83,,
ESTAT:HLTH_CD_ASDR2(1.0),21/03/25 11:00:00,A,RT,F,Y_LT65,C50,SE,2020,9.28,,
ESTAT:HLTH_CD_ASDR2(1.0),21/03/25 11:00:00,A,RT,F,Y_LT65,C50,SE,2021,8.68,,
ESTAT:HLTH_CD_ASDR2(1.0),21/03/25 11:00:00,A,RT,F,Y_LT65,C50,SI,2011,14.45,,
ESTAT:HLTH_CD_ASDR2(1.0),21/03/25 11:00:00,A,RT,F,Y_LT65,C50,SI,2012,12.67,,
ESTAT:HLTH_CD_ASDR2(1.0),21/03/25 11:00:00,A,RT,F,Y_LT65,C50,SI,2013,13,,
ESTAT:HLTH_CD_ASDR2(1.0),21/03/25 11:00:00,A,RT,F,Y_LT65,C50,SI,2014,11.66,,
ESTAT:HLTH_CD_ASDR2(1.0),21/03/25 11:00:00,A,RT,F,Y_LT65,C50,SI,2015,13.99,,
ESTAT:HLTH_CD_ASDR2(1.0),21/03/25 11:00:00,A,RT,F,Y_LT65,C50,SI,2016,10.83,,
ESTAT:HLTH_CD_ASDR2(1.0),21/03/25 11:00:00,A,RT,F,Y_LT65,C50,SI,2017,12.51,,
ESTAT:HLTH_CD_ASDR2(1.0),21/03/25 11:00:00,A,RT,F,Y_LT65,C50,SI,2018,13.3,,
ESTAT:HLTH_CD_ASDR2(1.0),21/03/25 11:00:00,A,RT,F,Y_LT65,C50,SI,2019,11.84,,
ESTAT:HLTH_CD_ASDR2(1.0),21/03/25 11:00:00,A,RT,F,Y_LT65,C50,SI,2020,12.02,,
ESTAT:HLTH_CD_ASDR2(1.0),21/03/25 11:00:00,A,RT,F,Y_LT65,C50,SI,2021,9.79,,
ESTAT:HLTH_CD_ASDR2(1.0),21/03/25 11:00:00,A,RT,F,Y_LT65,C50,SK,2011,14.92,,
ESTAT:HLTH_CD_ASDR2(1.0),21/03/25 11:00:00,A,RT,F,Y_LT65,C50,SK,2012,15.02,,
ESTAT:HLTH_CD_ASDR2(1.0),21/03/25 11:00:00,A,RT,F,Y_LT65,C50,SK,2013,15.22,,
ESTAT:HLTH_CD_ASDR2(1.0),21/03/25 11:00:00,A,RT,F,Y_LT65,C50,SK,2014,14.14,,
ESTAT:HLTH_CD_ASDR2(1.0),21/03/25 11:00:00,A,RT,F,Y_LT65,C50,SK,2015,15.37,,
ESTAT:HLTH_CD_ASDR2(1.0),21/03/25 11:00:00,A,RT,F,Y_LT65,C50,SK,2016,13.73,,
ESTAT:HLTH_CD_ASDR2(1.0),21/03/25 11:00:00,A,RT,F,Y_LT65,C50,SK,2017,15.67,,
ESTAT:HLTH_CD_ASDR2(1.0),21/03/25 11:00:00,A,RT,F,Y_LT65,C50,SK,2018,14.68,,
ESTAT:HLTH_CD_ASDR2(1.0),21/03/25 11:00:00,A,RT,F,Y_LT65,C50,SK,2019,14.14,,
ESTAT:HLTH_CD_ASDR2(1.0),21/03/25 11:00:00,A,RT,F,Y_LT65,C50,SK,2020,12.6,,
ESTAT:HLTH_CD_ASDR2(1.0),21/03/25 11:00:00,A,RT,F,Y_LT65,C50,SK,2021,12.87,,
ESTAT:HLTH_CD_ASDR2(1.0),21/03/25 11:00:00,A,RT,F,Y_LT65,C50,TR,2011,8.3,,
ESTAT:HLTH_CD_ASDR2(1.0),21/03/25 11:00:00,A,RT,F,Y_LT65,C50,TR,2012,7.12,,
ESTAT:HLTH_CD_ASDR2(1.0),21/03/25 11:00:00,A,RT,F,Y_LT65,C50,TR,2013,8.77,,
ESTAT:HLTH_CD_ASDR2(1.0),21/03/25 11:00:00,A,RT,F,Y_LT65,C50,TR,2014,9.2,,
ESTAT:HLTH_CD_ASDR2(1.0),21/03/25 11:00:00,A,RT,F,Y_LT65,C50,TR,2015,8.98,,
ESTAT:HLTH_CD_ASDR2(1.0),21/03/25 11:00:00,A,RT,F,Y_LT65,C50,TR,2016,8.72,,
ESTAT:HLTH_CD_ASDR2(1.0),21/03/25 11:00:00,A,RT,F,Y_LT65,C50,TR,2017,8.6,,
ESTAT:HLTH_CD_ASDR2(1.0),21/03/25 11:00:00,A,RT,F,Y_LT65,C50,TR,2018,8.86,,
ESTAT:HLTH_CD_ASDR2(1.0),21/03/25 11:00:00,A,RT,F,Y_LT65,C50,TR,2019,8.73,,
ESTAT:HLTH_CD_ASDR2(1.0),21/03/25 11:00:00,A,RT,F,Y_LT65,C50,TR,2020,8.6,,
ESTAT:HLTH_CD_ASDR2(1.0),21/03/25 11:00:00,A,RT,F,Y_LT65,C50,TR,2021,8.04,,
ESTAT:HLTH_CD_ASDR2(1.0),21/03/25 11:00:00,A,RT,F,Y_LT65,C50,UK,2011,16.49,,
ESTAT:HLTH_CD_ASDR2(1.0),21/03/25 11:00:00,A,RT,F,Y_LT65,C50,UK,2012,15.84,,
ESTAT:HLTH_CD_ASDR2(1.0),21/03/25 11:00:00,A,RT,F,Y_LT65,C50,UK,2013,15.15,,
ESTAT:HLTH_CD_ASDR2(1.0),21/03/25 11:00:00,A,RT,F,Y_LT65,C50,UK,2014,14.58,,
ESTAT:HLTH_CD_ASDR2(1.0),21/03/25 11:00:00,A,RT,F,Y_LT65,C50,UK,2015,14.31,,
ESTAT:HLTH_CD_ASDR2(1.0),21/03/25 11:00:00,A,RT,F,Y_LT65,C50,UK,2016,14.27,,
ESTAT:HLTH_CD_ASDR2(1.0),21/03/25 11:00:00,A,RT,F,Y_LT65,C50,UK,2017,13.69,,
ESTAT:HLTH_CD_ASDR2(1.0),21/03/25 11:00:00,A,RT,F,Y_LT65,C50,UK,2018,13.83,,
ESTAT:HLTH_CD_ASDR2(1.0),21/03/25 11:00:00,A,RT,F,Y_LT65,C50,UK,2019,,,
ESTAT:HLTH_CD_ASDR2(1.0),21/03/25 11:00:00,A,RT,F,Y_LT65,C50,UK,2020,,,
ESTAT:HLTH_CD_ASDR2(1.0),21/03/25 11:00:00,A,RT,F,Y_LT65,C50,UK,2021,,,
